week_start,product_name,total_volume_kg,sgl_volume_kg,sgl_volume_ratio_to_total
2025-03-30,2Bf Chocolate,20,0,0.0
2025-03-30,AMI White Honey ,10,0,0.0
2025-03-30,Ajax (Large),94,0,0.0
2025-03-30,Alem Card Holder ,4,0,0.0
2025-03-30,Apple Mango ,311,0,0.0
2025-03-30,Avo avocado hair oil ,3,0,0.0
2025-03-30,Avocado,3449,0,0.0
2025-03-30,B&B Baby Wipes,20,0,0.0
2025-03-30,Beetroot,1679,0,0.0
2025-03-30,Bravo Table Tissue,50,0,0.0
2025-03-30,Bravo Toilet Paper,42,0,0.0
2025-03-30,Butter Spice,5,0,0.0
2025-03-30,CK Powdered Soap ,45,0,0.0
2025-03-30,Cardamon,10,0,0.0
2025-03-30,Carrot,2275,0,0.0
2025-03-30,Cinnamon Powder,6,0,0.0
2025-03-30,Cucumber,127,0,0.0
2025-03-30,Dachi Ketchup,10,0,0.0
2025-03-30,Dachi Vinegar ,18,0,0.0
2025-03-30,Finger Biscuits,84,0,0.0
2025-03-30,Fossolia,323,0,0.0
2025-03-30,Garlic,304,0,0.0
2025-03-30,Garlic ,416,0,0.0
2025-03-30,Ginger,115,0,0.0
2025-03-30,Ginger ,219,0,0.0
2025-03-30,Green Chili (ስታርታ),515,0,0.0
2025-03-30,Happy Toilet Paper,73,0,0.0
2025-03-30,Kinche Yegebs,20,0,0.0
2025-03-30,Kono beauty soap,105,0,0.0
2025-03-30,Lemon,332,0,0.0
2025-03-30,Macaroni ,188,0,0.0
2025-03-30,Moon Cookies,725,0,0.0
2025-03-30,Nigist Sanitary Pad,32,0,0.0
2025-03-30,Papaya,1502,0,0.0
2025-03-30,Pineapple,34,0,0.0
2025-03-30,Potato,5999,0,0.0
2025-03-30,Rahmet Flour,1264,0,0.0
2025-03-30,Red Onion A,15511,114,0.007349622848301205
2025-03-30,Red Onion Elfora ,729,0,0.0
2025-03-30,Shembera,9,0,0.0
2025-03-30,Sun Chips (30g),657,0,0.0
2025-03-30,T-shirt ,18,0,0.0
2025-03-30,Tea Spice,3,0,0.0
2025-03-30,Theday Strawberry Jam,5,0,0.0
2025-03-30,Tomato,5386,13,0.0024136650575566285
2025-03-30,Tomato/ Ripe/ Small size /  ,179,0,0.0
2025-03-30,Tote bag ,4,0,0.0
2025-03-30,White cabbage,2218,0,0.0
2025-03-30,Wush Wush Tea ,784,0,0.0
2025-03-30,YEAH Bar Soap,63,0,0.0
2025-03-30,Zucchini,298,0,0.0
2025-04-06,12 piece Chicken,20,0,0.0
2025-04-06,2Bf Chocolate,24,0,0.0
2025-04-06,AMI White Honey ,5,0,0.0
2025-04-06,Ajax (Large),567,0,0.0
2025-04-06,Apple Mango ,5,0,0.0
2025-04-06,Avocado,4605,0,0.0
2025-04-06,B&B Baby Diaper,5,0,0.0
2025-04-06,B&B Baby Wipes,21,0,0.0
2025-04-06,BGS Foreign Chicken,16,0,0.0
2025-04-06,Beetroot,1788,0,0.0
2025-04-06,Bravo Table Tissue,89,0,0.0
2025-04-06,Bravo Toilet Paper,79,0,0.0
2025-04-06,CK Powdered Soap ,25,0,0.0
2025-04-06,Carrot,3036,0,0.0
2025-04-06,Chickpea,18,0,0.0
2025-04-06,Cinnamon Powder,3,0,0.0
2025-04-06,Cucumber,199,0,0.0
2025-04-06,Dachi Ketchup,3,0,0.0
2025-04-06,Dachi Vinegar ,11,0,0.0
2025-04-06,Difen miser (Imported),5,0,0.0
2025-04-06,Finger Biscuits,123,0,0.0
2025-04-06,Foreign’s egg,49,0,0.0
2025-04-06,Fossolia,369,0,0.0
2025-04-06,Garlic,469,0,0.0
2025-04-06,Garlic ,1035,0,0.0
2025-04-06,Ginger,99,0,0.0
2025-04-06,Ginger ,371,0,0.0
2025-04-06,Green Chili (ስታርታ),667,0,0.0
2025-04-06,Happy Toilet Paper,42,0,0.0
2025-04-06,Indomie Vegetable Noodles ,15,0,0.0
2025-04-06,Kinche Yegebs,27,0,0.0
2025-04-06,Kono beauty soap,114,0,0.0
2025-04-06,Lemon,618,0,0.0
2025-04-06,Macaroni ,252,0,0.0
2025-04-06,Moon Cookies,357,0,0.0
2025-04-06,Nigist Sanitary Pad,48,0,0.0
2025-04-06,Papaya,392,0,0.0
2025-04-06,Pineapple,164,0,0.0
2025-04-06,Potato,11945,70,0.0058601925491837585
2025-04-06,Rahmet Flour,896,0,0.0
2025-04-06,Red Onion A,31303,757,0.02418298565632687
2025-04-06,Red Onion Elfora ,2138,0,0.0
2025-04-06,Sun Chips (30g),328,0,0.0
2025-04-06,Sunvito Sunflower Oil ,26,0,0.0
2025-04-06,T-shirt ,12,0,0.0
2025-04-06,Taza Quick oats ,10,0,0.0
2025-04-06,Tomato,9337,65,0.006961550819320981
2025-04-06,Torti Chips (30g),10,0,0.0
2025-04-06,White cabbage,3183,0,0.0
2025-04-06,Wush Wush Tea ,423,0,0.0
2025-04-06,YEAH Bar Soap,76,0,0.0
2025-04-06,Zucchini,184,0,0.0
2025-04-06,አይብ,10,0,0.0
2025-04-13,12 piece Chicken,28,0,0.0
2025-04-13,2Bf Chocolate,20,0,0.0
2025-04-13,Ajax (Large),239,0,0.0
2025-04-13,Avocado,1969,150,0.07618080243778567
2025-04-13,B&B Baby Wipes,10,0,0.0
2025-04-13,Beetroot,264,0,0.0
2025-04-13,Bravo Table Tissue,30,0,0.0
2025-04-13,Bravo Toilet Paper,55,0,0.0
2025-04-13,Butter,25,0,0.0
2025-04-13,CK Powdered Soap ,13,0,0.0
2025-04-13,Carrot,1568,0,0.0
2025-04-13,Coffee Latte Cream Biscuit,20,0,0.0
2025-04-13,Cucumber,34,0,0.0
2025-04-13,Dachi Vinegar ,25,0,0.0
2025-04-13,Difen miser (Imported),5,0,0.0
2025-04-13,Finger Biscuits,149,0,0.0
2025-04-13,Foreign’s egg,1128,0,0.0
2025-04-13,Fossolia,87,0,0.0
2025-04-13,Garlic,358,0,0.0
2025-04-13,Garlic ,429,0,0.0
2025-04-13,Ginger,63,0,0.0
2025-04-13,Ginger ,178,0,0.0
2025-04-13,Green Chili (ስታርታ),357,0,0.0
2025-04-13,Habesha Chicken,41,0,0.0
2025-04-13,Happy Toilet Paper,78,0,0.0
2025-04-13,Kinche Yegebs,10,0,0.0
2025-04-13,Kono beauty soap,70,0,0.0
2025-04-13,Kukulu package ,19,0,0.0
2025-04-13,Lemon,429,0,0.0
2025-04-13,Moon Cookies,340,0,0.0
2025-04-13,Moon Cookies All Flavors,5,0,0.0
2025-04-13,Nigist Sanitary Pad,16,0,0.0
2025-04-13,Papaya,120,0,0.0
2025-04-13,Pineapple,33,0,0.0
2025-04-13,Potato,5067,131,0.02585356226564042
2025-04-13,Qulet package ,12,0,0.0
2025-04-13,Rahmet Flour,1660,0,0.0
2025-04-13,Red Onion A,22719,849,0.03736960253532286
2025-04-13,Red Onion Elfora ,1625,15,0.009230769230769232
2025-04-13,Special Kululu Package,24,0,0.0
2025-04-13,Sun Chips (30g),409,0,0.0
2025-04-13,Sunvito Sunflower Oil ,73,0,0.0
2025-04-13,Taza Granola ,5,0,0.0
2025-04-13,Theday Strawberry Jam,5,0,0.0
2025-04-13,Tomato,5511,22,0.003992015968063872
2025-04-13,White cabbage,561,0,0.0
2025-04-13,Wush Wush Tea ,43,0,0.0
2025-04-13,YEAH Bar Soap,10,0,0.0
2025-04-13,Zucchini,28,0,0.0
2025-04-13,አይብ,47,0,0.0
2025-04-20,2Bf Chocolate,5,0,0.0
2025-04-20,Ajax (Large),1281,0,0.0
2025-04-20,Ajax Soap,967,0,0.0
2025-04-20,Avocado,4475,100,0.0223463687150838
2025-04-20,B&B Baby Diaper,30,0,0.0
2025-04-20,B&B Baby Wipes,5,0,0.0
2025-04-20,Banana/ Raw ,1769,0,0.0
2025-04-20,Beetroot,360,0,0.0
2025-04-20,Bethel Flour ,287,0,0.0
2025-04-20,Bravo Table Tissue,28,0,0.0
2025-04-20,Bravo Toilet Paper,32,0,0.0
2025-04-20,CK Powdered Soap ,30,0,0.0
2025-04-20,Carrot,1559,0,0.0
2025-04-20,Coffee Latte Cream Biscuit,265,0,0.0
2025-04-20,Cucumber,56,0,0.0
2025-04-20,Dachi Ketchup,3,0,0.0
2025-04-20,Dachi Vinegar ,3,0,0.0
2025-04-20,Difen miser (Imported),5,0,0.0
2025-04-20,Finger Biscuits,186,0,0.0
2025-04-20,Foreign’s egg,2606,0,0.0
2025-04-20,Fossolia,65,0,0.0
2025-04-20,Garlic,132,0,0.0
2025-04-20,Garlic ,67,0,0.0
2025-04-20,Ginger,33,0,0.0
2025-04-20,Ginger ,113,0,0.0
2025-04-20,Green Chili (ስታርታ),65,0,0.0
2025-04-20,Happy Toilet Paper,73,0,0.0
2025-04-20,Indomie Vegetable Noodles ,8,0,0.0
2025-04-20,Kinche Yegebs,28,0,0.0
2025-04-20,Kono beauty soap,40,0,0.0
2025-04-20,Lemon,40,0,0.0
2025-04-20,MIA Pasta,411,0,0.0
2025-04-20,Moon Cookies,311,0,0.0
2025-04-20,Moon Cookies All Flavors,5,0,0.0
2025-04-20,Nigist Sanitary Pad,26,0,0.0
2025-04-20,Papaya,221,0,0.0
2025-04-20,Pineapple,615,0,0.0
2025-04-20,Potato,11017,36,0.0032676772261051104
2025-04-20,Qulet package ,3,0,0.0
2025-04-20,Rahmet Flour,347,0,0.0
2025-04-20,Red Onion,7900,0,0.0
2025-04-20,Red Onion A,8920,141,0.015807174887892378
2025-04-20,Red Onion Elfora ,386,0,0.0
2025-04-20,Sun Chips (30g),5,0,0.0
2025-04-20,Sunvito Sunflower Oil ,25,0,0.0
2025-04-20,Tomato,12142,54,0.004447372755723934
2025-04-20,Torti Chips (30g),10,0,0.0
2025-04-20,White cabbage,1820,0,0.0
2025-04-20,Wush Wush Tea ,260,0,0.0
2025-04-20,Zion biscuit,140,0,0.0
2025-04-20,Zucchini,30,0,0.0
2025-04-27,Ajax Soap,454,0,0.0
2025-04-27,Avocado,5988,78,0.013026052104208416
2025-04-27,B&B Baby Diaper,5,0,0.0
2025-04-27,B&B Baby Wipes,21,0,0.0
2025-04-27,Banana/ Raw ,1270,0,0.0
2025-04-27,Beetroot,510,0,0.0
2025-04-27,Bethel Flour ,731,0,0.0
2025-04-27,Bravo Table Tissue,20,0,0.0
2025-04-27,Bravo Toilet Paper,6,0,0.0
2025-04-27,CK Powdered Soap ,18,0,0.0
2025-04-27,Carrot,2040,0,0.0
2025-04-27,Chickpea,5,0,0.0
2025-04-27,Coffee Latte Cream Biscuit,120,0,0.0
2025-04-27,Cucumber,264,0,0.0
2025-04-27,Dachi Vinegar ,25,0,0.0
2025-04-27,Difen miser (Imported),10,0,0.0
2025-04-27,Eggplant,138,0,0.0
2025-04-27,Finger Biscuits,219,0,0.0
2025-04-27,Foreign’s egg,839,0,0.0
2025-04-27,Fossolia,487,0,0.0
2025-04-27,Garlic,142,0,0.0
2025-04-27,Garlic ,96,0,0.0
2025-04-27,Ginger,49,0,0.0
2025-04-27,Ginger ,220,0,0.0
2025-04-27,Green Chili (ስታርታ),459,0,0.0
2025-04-27,Happy Toilet Paper,50,0,0.0
2025-04-27,Kinche Yegebs,20,0,0.0
2025-04-27,Kono beauty soap,75,0,0.0
2025-04-27,Lemon,309,0,0.0
2025-04-27,MIA Pasta,472,0,0.0
2025-04-27,Macaroni ,20,0,0.0
2025-04-27,Moon Cookies,195,0,0.0
2025-04-27,Nigist Sanitary Pad,17,0,0.0
2025-04-27,Papaya,266,0,0.0
2025-04-27,Pineapple,335,0,0.0
2025-04-27,Potato,10686,55,0.005146921205315366
2025-04-27,Rahmet Flour,55,0,0.0
2025-04-27,Red Onion,274,0,0.0
2025-04-27,Red Onion A,7884,411,0.05213089802130898
2025-04-27,Red Onion Elfora ,775,0,0.0
2025-04-27,Small Size Potato ,560,0,0.0
2025-04-27,Sun Chips (30g),110,0,0.0
2025-04-27,Taza Quick oats ,10,0,0.0
2025-04-27,Tomato,9314,30,0.0032209576980888983
2025-04-27,Torti Chips (30g),8,0,0.0
2025-04-27,White cabbage,2283,0,0.0
2025-04-27,Wush Wush Tea ,270,0,0.0
2025-04-27,Zucchini,345,0,0.0
2025-05-04,Ajax Soap,619,0,0.0
2025-05-04,Apple,447,0,0.0
2025-05-04,Apple Mango ,94,0,0.0
2025-05-04,Ater Kik,89,0,0.0
2025-05-04,Avocado,6311,37,0.005862779274282998
2025-05-04,B&B Baby Diaper,18,0,0.0
2025-05-04,Banana/ Raw ,574,0,0.0
2025-05-04,Beetroot,744,0,0.0
2025-05-04,Bethel Flour ,164,0,0.0
2025-05-04,Bravo Table Tissue,60,0,0.0
2025-05-04,Bravo Toilet Paper,58,0,0.0
2025-05-04,CK Laundry Soap,141,0,0.0
2025-05-04,Carrot,2862,0,0.0
2025-05-04,Chickpea,5,0,0.0
2025-05-04,Cloud Multi Purpose/ 2L,5,0,0.0
2025-05-04,Coffee Latte Cream Biscuit,73,0,0.0
2025-05-04,Coffee(Wollega),25,0,0.0
2025-05-04,Cucumber,240,0,0.0
2025-05-04,Dachi Ketchup,25,0,0.0
2025-05-04,Dachi Vimto,10,0,0.0
2025-05-04,Dachi Vinegar ,5,0,0.0
2025-05-04,Difen miser (Imported),63,0,0.0
2025-05-04,Digis table salt,128,0,0.0
2025-05-04,Eggplant,272,0,0.0
2025-05-04,Foreign’s egg,59,0,0.0
2025-05-04,Fossolia,25,0,0.0
2025-05-04,Garlic,226,0,0.0
2025-05-04,Garlic ,121,0,0.0
2025-05-04,Ginger,69,0,0.0
2025-05-04,Ginger ,166,0,0.0
2025-05-04,Green Chili (ስታርታ),46,0,0.0
2025-05-04,Happy Toilet Paper,264,0,0.0
2025-05-04,Kinche Yegebs,17,0,0.0
2025-05-04,Kono beauty soap,89,0,0.0
2025-05-04,Lemon,342,0,0.0
2025-05-04,Lentils (imported),381,0,0.0
2025-05-04,MIA Pasta,1112,0,0.0
2025-05-04,Macaroni ,358,0,0.0
2025-05-04,Moon Cookies,265,0,0.0
2025-05-04,Nigist Sanitary Pad,23,0,0.0
2025-05-04,Orange Valencia,311,0,0.0
2025-05-04,Papaya,254,0,0.0
2025-05-04,Pineapple,81,0,0.0
2025-05-04,Potato,13325,293,0.02198874296435272
2025-05-04,Red Onion A,15005,930,0.06197934021992669
2025-05-04,Red Onion Elfora ,1028,17,0.016536964980544747
2025-05-04,Rice ,78,0,0.0
2025-05-04,Small Size Potato ,772,0,0.0
2025-05-04,Sunflower Seeds(Suf),5,0,0.0
2025-05-04,Taza Quick oats ,10,0,0.0
2025-05-04,Theday Strawberry Jam,5,0,0.0
2025-05-04,Tomato,11377,141,0.012393425331809791
2025-05-04,Torti Chips (30g),34,0,0.0
2025-05-04,White cabbage,3234,0,0.0
2025-05-04,Wush Wush Tea ,303,0,0.0
2025-05-04,Zion biscuit,265,0,0.0
2025-05-04,Zucchini,320,0,0.0
2025-05-04,wakene flour,902,0,0.0
2025-05-11,Ajax Soap,283,0,0.0
2025-05-11,Almi Dabo Kolo ,15,0,0.0
2025-05-11,Almi Kolo,40,0,0.0
2025-05-11,Apple,27,0,0.0
2025-05-11,Apple Mango ,492,0,0.0
2025-05-11,Ater Kik,53,0,0.0
2025-05-11,Avocado,6185,32,0.0051738075990299115
2025-05-11,B&B Baby Diaper,108,0,0.0
2025-05-11,B&B Baby Wipes,15,0,0.0
2025-05-11,Banana/ Raw ,628,0,0.0
2025-05-11,Beetroot,1355,0,0.0
2025-05-11,Bethel Flour ,116,0,0.0
2025-05-11,Bravo Table Tissue,36,0,0.0
2025-05-11,CK Laundry Soap,157,0,0.0
2025-05-11,Carrot,3402,0,0.0
2025-05-11,Chickpea,5,0,0.0
2025-05-11,Cloud Multi Purpose/ 2L,5,0,0.0
2025-05-11,Coffee Latte Cream Biscuit,200,0,0.0
2025-05-11,Cucumber,221,0,0.0
2025-05-11,Difen miser (Imported),30,0,0.0
2025-05-11,Digis table salt,33,0,0.0
2025-05-11,Eggplant,192,0,0.0
2025-05-11,Foreign’s egg,10,0,0.0
2025-05-11,Fossolia,5,0,0.0
2025-05-11,Garlic,310,0,0.0
2025-05-11,Garlic ,135,0,0.0
2025-05-11,Ginger,26,0,0.0
2025-05-11,Ginger ,280,0,0.0
2025-05-11,Green Chili (ስታርታ),788,0,0.0
2025-05-11,Happy Toilet Paper,10,0,0.0
2025-05-11,Kinche Yegebs,10,0,0.0
2025-05-11,Kono beauty soap,79,0,0.0
2025-05-11,Lemon,344,0,0.0
2025-05-11,Lentils (imported),150,0,0.0
2025-05-11,MIA Pasta,597,0,0.0
2025-05-11,Macaroni ,100,0,0.0
2025-05-11,Moon Cookies,169,0,0.0
2025-05-11,Moon Cookies All Flavors,6,0,0.0
2025-05-11,Nigist Sanitary Pad,36,0,0.0
2025-05-11,Orange Valencia,765,0,0.0
2025-05-11,Papaya,242,0,0.0
2025-05-11,Pineapple,100,0,0.0
2025-05-11,Potato,15643,354,0.02262993032027105
2025-05-11,Red Onion A,15284,2098,0.13726773096048156
2025-05-11,Red Onion Elfora ,890,0,0.0
2025-05-11,Rice ,39,0,0.0
2025-05-11,Small Size Potato ,226,0,0.0
2025-05-11,Sun Chips (30g),35,0,0.0
2025-05-11,Sunflower Seeds(Suf),5,0,0.0
2025-05-11,Theday Strawberry Jam,5,0,0.0
2025-05-11,Tomato,9992,238,0.023819055244195357
2025-05-11,White cabbage,6309,114,0.01806942463147884
2025-05-11,Wush Wush Tea ,429,0,0.0
2025-05-11,Zion biscuit,233,0,0.0
2025-05-11,Zucchini,249,0,0.0
2025-05-11,victory purified natural water,247,0,0.0
2025-05-11,wakene flour,419,0,0.0
2025-05-18,2Bf Chocolate,10,0,0.0
2025-05-18,Ajax Soap,395,0,0.0
2025-05-18,Almi Dabo Kolo ,15,0,0.0
2025-05-18,Almi Kolo,37,0,0.0
2025-05-18,Apple,16,0,0.0
2025-05-18,Apple Mango ,1162,0,0.0
2025-05-18,Ater Kik,78,0,0.0
2025-05-18,Avocado,9107,423,0.046447787416273194
2025-05-18,B&B Baby Diaper,5,0,0.0
2025-05-18,B&B Baby Wipes,10,0,0.0
2025-05-18,Banana/ Raw ,739,0,0.0
2025-05-18,Beetroot,875,0,0.0
2025-05-18,Bethel Flour ,40,0,0.0
2025-05-18,Bravo Table Tissue,62,0,0.0
2025-05-18,Bravo Toilet Paper,32,0,0.0
2025-05-18,CK Laundry Soap,185,0,0.0
2025-05-18,Carrot,3440,47,0.01366279069767442
2025-05-18,Chickpea,5,0,0.0
2025-05-18,Cloud Multi Purpose/ 2L,15,0,0.0
2025-05-18,Coffee Latte Cream Biscuit,777,0,0.0
2025-05-18,Cucumber,260,0,0.0
2025-05-18,Dachi Ketchup,5,0,0.0
2025-05-18,Dachi Vinegar ,25,0,0.0
2025-05-18,Difen miser (Imported),53,0,0.0
2025-05-18,Digis table salt,40,0,0.0
2025-05-18,Eggplant,111,0,0.0
2025-05-18,Finger Biscuits,46,0,0.0
2025-05-18,Foreign’s egg,40,0,0.0
2025-05-18,Fossolia,2079,0,0.0
2025-05-18,Garlic,329,0,0.0
2025-05-18,Garlic ,212,0,0.0
2025-05-18,Ginger,44,0,0.0
2025-05-18,Ginger ,338,20,0.05917159763313609
2025-05-18,Green Chili (ስታርታ),1144,0,0.0
2025-05-18,Kono beauty soap,229,0,0.0
2025-05-18,Lemon,496,0,0.0
2025-05-18,Lentils (imported),889,0,0.0
2025-05-18,MIA Pasta,869,0,0.0
2025-05-18,Macaroni ,83,0,0.0
2025-05-18,Moon Cookies,8,0,0.0
2025-05-18,NIB Chocolate Bar,20,0,0.0
2025-05-18,NIB Dark Mini Chocolate (10 pieces),365,0,0.0
2025-05-18,Nigist Sanitary Pad,44,0,0.0
2025-05-18,Orange Valencia,355,30,0.08450704225352113
2025-05-18,Papaya,562,12,0.021352313167259787
2025-05-18,Pineapple,454,0,0.0
2025-05-18,Potato,13174,512,0.038864429937756184
2025-05-18,Red Onion,2091,64,0.030607364897178385
2025-05-18,Red Onion A,11937,1518,0.12716763005780346
2025-05-18,Red Onion Elfora ,2466,12,0.004866180048661801
2025-05-18,Rice ,72,0,0.0
2025-05-18,Small Size Potato ,507,0,0.0
2025-05-18,Sosi Soya,10,0,0.0
2025-05-18,Sun Chips (30g),280,0,0.0
2025-05-18,Sweet Potato,1242,0,0.0
2025-05-18,Tesfaye Peanut Butter ,10,0,0.0
2025-05-18,Theday Strawberry Jam,10,0,0.0
2025-05-18,Tomato,11305,359,0.031755860238832374
2025-05-18,Torti Chips,55,0,0.0
2025-05-18,White cabbage,6461,125,0.019346850332765824
2025-05-18,Wush Wush Tea ,728,0,0.0
2025-05-18,Zion biscuit,485,0,0.0
2025-05-18,Zucchini,316,0,0.0
2025-05-18,victory purified natural water,294,0,0.0
2025-05-18,wakene flour,2087,0,0.0
2025-05-25,Ajax Soap,389,0,0.0
2025-05-25,Almi Dabo Kolo ,6,0,0.0
2025-05-25,Almi Kolo,17,0,0.0
2025-05-25,Apple,28,0,0.0
2025-05-25,Apple Mango ,980,0,0.0
2025-05-25,Ater Kik,63,0,0.0
2025-05-25,Avo avocado hair oil ,3,0,0.0
2025-05-25,Avocado,5239,132,0.025195648024432145
2025-05-25,B&B Baby Diaper,5,0,0.0
2025-05-25,B&B Baby Wipes,5,0,0.0
2025-05-25,Banana/ Raw ,621,0,0.0
2025-05-25,Beetroot,1025,25,0.024390243902439025
2025-05-25,Bella Sanitary Pad,85,0,0.0
2025-05-25,Bethel Flour ,15,0,0.0
2025-05-25,Bravo Table Tissue,11,0,0.0
2025-05-25,Bravo Toilet Paper,55,0,0.0
2025-05-25,Carrot,4208,28,0.006653992395437262
2025-05-25,Chickpea,5,0,0.0
2025-05-25,Coffee Latte Cream Biscuit,181,0,0.0
2025-05-25,Cucumber,219,0,0.0
2025-05-25,Dachi Ketchup,11,0,0.0
2025-05-25,Dachi Vinegar ,20,0,0.0
2025-05-25,Digis table salt,5,0,0.0
2025-05-25,Eggplant,81,0,0.0
2025-05-25,Foreign’s egg,5,0,0.0
2025-05-25,Fossolia,2306,0,0.0
2025-05-25,Garlic,326,0,0.0
2025-05-25,Garlic ,167,0,0.0
2025-05-25,Ginger,37,0,0.0
2025-05-25,Ginger ,284,12,0.04225352112676056
2025-05-25,Green Chili (ስታርታ),786,0,0.0
2025-05-25,Juliet Biscuit ,165,0,0.0
2025-05-25,Knick Knack,102,0,0.0
2025-05-25,Kono beauty soap,117,0,0.0
2025-05-25,Lemon,473,0,0.0
2025-05-25,Lentils (imported),150,0,0.0
2025-05-25,MIA Pasta,348,0,0.0
2025-05-25,Moon Cookies All Flavors,10,0,0.0
2025-05-25,NIB Chocolate Bar,63,0,0.0
2025-05-25,NIB Dark Mini Chocolate (10 pieces),2631,0,0.0
2025-05-25,Nigist Sanitary Pad,35,0,0.0
2025-05-25,Orange Valencia,169,0,0.0
2025-05-25,Papaya,1261,69,0.05471847739888977
2025-05-25,Pineapple,89,0,0.0
2025-05-25,Potato,9109,326,0.035788780327148974
2025-05-25,Red Onion,28,0,0.0
2025-05-25,Red Onion A,11889,321,0.026999747665909665
2025-05-25,Red Onion Elfora ,2473,0,0.0
2025-05-25,Rice ,74,0,0.0
2025-05-25,Sun Chips (30g),275,0,0.0
2025-05-25,Sunflower Seeds(Suf),5,0,0.0
2025-05-25,Sweet Potato,816,0,0.0
2025-05-25,Tomato,9339,274,0.029339329692686583
2025-05-25,Torti Chips,43,0,0.0
2025-05-25,Victory Natural Water/Pack,12,0,0.0
2025-05-25,White cabbage,5121,328,0.06404999023628198
2025-05-25,Wush Wush Tea ,293,0,0.0
2025-05-25,Zion biscuit,350,0,0.0
2025-05-25,Zucchini,236,0,0.0
2025-05-25,victory purified natural water,305,0,0.0
2025-05-25,wakene flour,1008,0,0.0
2025-06-01,AMI White Honey ,5,0,0.0
2025-06-01,Ajax Soap,315,0,0.0
2025-06-01,Almi Kolo,8,0,0.0
2025-06-01,Apple,5,0,0.0
2025-06-01,Apple Mango ,841,105,0.1248513674197384
2025-06-01,Ater Kik,76,0,0.0
2025-06-01,Avocado,6852,422,0.06158785755983654
2025-06-01,Avocado Ripe,175,0,0.0
2025-06-01,B&B Baby Wipes,10,0,0.0
2025-06-01,Banana/ Raw ,648,0,0.0
2025-06-01,Beetroot,863,12,0.013904982618771726
2025-06-01,Bella Sanitary Pad,17,0,0.0
2025-06-01,Bravo Toilet Paper,48,0,0.0
2025-06-01,Carrot,3659,189,0.051653457228751025
2025-06-01,Cloud Multi Purpose/ 2L,10,0,0.0
2025-06-01,Cloud Window Cleaner,5,0,0.0
2025-06-01,Coffee Latte Cream Biscuit,64,0,0.0
2025-06-01,Cucumber,154,0,0.0
2025-06-01,Dabur Herbal Tooth Paste ,376,0,0.0
2025-06-01,Difen miser (Imported),103,0,0.0
2025-06-01,Digis table salt,5,0,0.0
2025-06-01,Eggplant,76,0,0.0
2025-06-01,Foreign’s egg,5,0,0.0
2025-06-01,Fossolia,2658,0,0.0
2025-06-01,Garlic,244,0,0.0
2025-06-01,Garlic ,127,0,0.0
2025-06-01,Ginger,43,0,0.0
2025-06-01,Ginger ,238,32,0.13445378151260504
2025-06-01,Green Chili (ስታርታ),1258,0,0.0
2025-06-01,Juliet Biscuit ,109,0,0.0
2025-06-01,Knick Knack,80,0,0.0
2025-06-01,Kono beauty soap,69,0,0.0
2025-06-01,Lemon,389,0,0.0
2025-06-01,Lentils (imported),386,0,0.0
2025-06-01,MIA Pasta,68,0,0.0
2025-06-01,Mekelsha,281,0,0.0
2025-06-01,Moon Cinnamon Biscuit  ,104,0,0.0
2025-06-01,Moon Cookies All Flavors,5,0,0.0
2025-06-01,Moon Strawberry Biscuit ,149,0,0.0
2025-06-01,NIB Chocolate Bar,33,0,0.0
2025-06-01,NIB Dark Mini Chocolate (10 pieces),10,0,0.0
2025-06-01,NIB Mini Chocolate ,64,0,0.0
2025-06-01,Orange Valencia,124,20,0.16129032258064516
2025-06-01,Papaya,512,44,0.0859375
2025-06-01,Pineapple,105,0,0.0
2025-06-01,Potato,11426,975,0.0853316996324173
2025-06-01,Red Onion A,9133,476,0.05211869046315559
2025-06-01,Red Onion Elfora ,3127,39,0.012472017908538535
2025-06-01,Rice ,37,0,0.0
2025-06-01,Sun Chips (30g),288,0,0.0
2025-06-01,Sunflower Seeds(Suf),13,0,0.0
2025-06-01,Sweet Potato,456,0,0.0
2025-06-01,Taza Quick oats ,5,0,0.0
2025-06-01,Theday Strawberry Jam,5,0,0.0
2025-06-01,Tomato,11313,533,0.04711393971537169
2025-06-01,Tooth Brush ,247,0,0.0
2025-06-01,Victory Natural Water/Pack,6,0,0.0
2025-06-01,White cabbage,2494,182,0.07297514033680834
2025-06-01,Wush Wush Tea ,30,0,0.0
2025-06-01,Zion biscuit,103,0,0.0
2025-06-01,Zucchini,117,20,0.17094017094017094
2025-06-01,victory purified natural water,18,0,0.0
2025-06-01,wakene flour,628,0,0.0
2025-06-08,AMI White Honey ,5,0,0.0
2025-06-08,Ajax Soap,625,0,0.0
2025-06-08,Almi Dabo Kolo ,9,0,0.0
2025-06-08,Almi Kolo,8,0,0.0
2025-06-08,Apple Mango ,1967,102,0.05185561769191662
2025-06-08,Ater Kik,96,0,0.0
2025-06-08,Avocado,8145,352,0.04321669736034377
2025-06-08,B&B Baby Diaper,5,0,0.0
2025-06-08,B&B Baby Wipes,15,0,0.0
2025-06-08,Banana/ Raw ,407,0,0.0
2025-06-08,Beetroot,2490,127,0.05100401606425703
2025-06-08,Bella Sanitary Pad,40,0,0.0
2025-06-08,Bravo Toilet Paper,15,0,0.0
2025-06-08,CK Laundry Soap,194,0,0.0
2025-06-08,CK Powdered Soap ,29,0,0.0
2025-06-08,Carrot,4228,151,0.03571428571428571
2025-06-08,Cloud Multi Purpose/ 2L,13,0,0.0
2025-06-08,Cloud Window Cleaner,9,0,0.0
2025-06-08,Coffee Latte Cream Biscuit,197,0,0.0
2025-06-08,Cucumber,310,0,0.0
2025-06-08,Dabur Herbal Tooth Paste ,172,0,0.0
2025-06-08,Dachi Ketchup,18,0,0.0
2025-06-08,Dachi Vinegar ,30,0,0.0
2025-06-08,Dh geda flour,5,0,0.0
2025-06-08,Difen miser (Imported),69,0,0.0
2025-06-08,Digis table salt,46,0,0.0
2025-06-08,Eggplant,41,0,0.0
2025-06-08,Fossolia,4230,0,0.0
2025-06-08,Garlic,592,0,0.0
2025-06-08,Garlic ,79,0,0.0
2025-06-08,Ginger,52,0,0.0
2025-06-08,Ginger ,252,22,0.0873015873015873
2025-06-08,Green Chili (ስታርታ),1497,0,0.0
2025-06-08,Happy Toilet Tissue ,10,0,0.0
2025-06-08,Iceberg Salad,121,0,0.0
2025-06-08,Juliet Biscuit ,10,0,0.0
2025-06-08,Knick Knack,109,0,0.0
2025-06-08,Kono beauty soap,48,0,0.0
2025-06-08,Lemon,605,0,0.0
2025-06-08,Lentils (imported),275,0,0.0
2025-06-08,MIA Pasta,20,0,0.0
2025-06-08,Macaroni ,38,0,0.0
2025-06-08,Mekelsha,410,0,0.0
2025-06-08,Moon Cinnamon Biscuit  ,182,0,0.0
2025-06-08,Moon Strawberry Biscuit ,119,0,0.0
2025-06-08,Papaya,728,38,0.0521978021978022
2025-06-08,Pineapple,353,12,0.0339943342776204
2025-06-08,Potato,11770,1146,0.09736618521665251
2025-06-08,Red Onion,1206,207,0.17164179104477612
2025-06-08,Red Onion A,9138,751,0.08218428540161961
2025-06-08,Red Onion Elfora ,2347,86,0.036642522368981675
2025-06-08,Rice ,70,0,0.0
2025-06-08,Small Size Potato ,800,0,0.0
2025-06-08,Sun Chips (30g),749,0,0.0
2025-06-08,Sunflower Seeds(Suf),18,0,0.0
2025-06-08,Sweet Potato,1489,0,0.0
2025-06-08,Taza Quick oats ,35,0,0.0
2025-06-08,Tomato,8891,560,0.06298504105274998
2025-06-08,Tooth Brush ,87,0,0.0
2025-06-08,Torti Chips,127,0,0.0
2025-06-08,Victory Natural Water/Pack,23,0,0.0
2025-06-08,White cabbage,4039,390,0.0965585540975489
2025-06-08,Wush Wush Tea ,73,0,0.0
2025-06-08,Zion biscuit,154,0,0.0
2025-06-08,Zucchini,278,12,0.04316546762589928
2025-06-08,victory purified natural water,385,0,0.0
2025-06-08,wakene flour,961,0,0.0
2025-06-15,Aja Kinche ,23,0,0.0
2025-06-15,Ajax Soap,159,0,0.0
2025-06-15,Almi Dabo Kolo ,26,0,0.0
2025-06-15,Almi Kolo,9,0,0.0
2025-06-15,Apple Mango ,1368,95,0.06944444444444445
2025-06-15,Ater Kik,10,0,0.0
2025-06-15,Avocado,7177,400,0.05573359342343598
2025-06-15,Banana/ Raw ,1569,0,0.0
2025-06-15,Beetroot,1172,27,0.02303754266211604
2025-06-15,Bella Sanitary Pad,30,0,0.0
2025-06-15,Bravo Table Tissue,49,0,0.0
2025-06-15,Bravo Toilet Paper,10,0,0.0
2025-06-15,CK Laundry Soap,86,0,0.0
2025-06-15,CK Powdered Soap ,20,0,0.0
2025-06-15,Carrot,3274,160,0.04886988393402566
2025-06-15,Cloud Multi Purpose/ 2L,5,0,0.0
2025-06-15,Coffee Latte Cream Biscuit,27,0,0.0
2025-06-15,Cucumber,205,49,0.23902439024390243
2025-06-15,Dabur Herbal Tooth Paste ,97,0,0.0
2025-06-15,Dachi Vinegar ,17,0,0.0
2025-06-15,Dh geda flour,20,0,0.0
2025-06-15,Difen miser (Imported),48,0,0.0
2025-06-15,Digis table salt,22,0,0.0
2025-06-15,Eggplant,102,20,0.19607843137254902
2025-06-15,Fossolia,2880,0,0.0
2025-06-15,Garlic,736,0,0.0
2025-06-15,Garlic ,82,0,0.0
2025-06-15,Ginger,25,0,0.0
2025-06-15,Ginger ,261,0,0.0
2025-06-15,Green Chili (ስታርታ),745,0,0.0
2025-06-15,Happy Toilet Tissue ,57,0,0.0
2025-06-15,Iceberg Salad,33,0,0.0
2025-06-15,Kinche Yegebs,5,0,0.0
2025-06-15,Knick Knack,32,0,0.0
2025-06-15,Knitted blanket(Medium),4,0,0.0
2025-06-15,Kono beauty soap,64,0,0.0
2025-06-15,Lemon,471,0,0.0
2025-06-15,Lentils (imported),217,0,0.0
2025-06-15,MIA Pasta,651,0,0.0
2025-06-15,Mekelsha,85,0,0.0
2025-06-15,Moon Cinnamon Biscuit  ,10,0,0.0
2025-06-15,Moon Coffee Biscuit ,194,19,0.0979381443298969
2025-06-15,Moon Vanilla Biscuit ,164,0,0.0
2025-06-15,Moya Biscuit,1532,0,0.0
2025-06-15,NIB Chocolate Bar,11,0,0.0
2025-06-15,NIB Chocolate Spread ,25,0,0.0
2025-06-15,Nib Mini Chocolate (5pcs),44,0,0.0
2025-06-15,Nigist Sanitary Pad,45,0,0.0
2025-06-15,Papaya,546,60,0.10989010989010989
2025-06-15,Pineapple,114,0,0.0
2025-06-15,Potato,13527,1237,0.091446736157315
2025-06-15,Potato for Chips,1326,155,0.11689291101055807
2025-06-15,Red Onion,85,0,0.0
2025-06-15,Red Onion A,10478,606,0.0578354647833556
2025-06-15,Red Onion B,937,127,0.13553895410885805
2025-06-15,Red Onion Elfora ,1958,83,0.042390194075587334
2025-06-15,Rice ,73,0,0.0
2025-06-15,Small Size Potato ,323,0,0.0
2025-06-15,Sun Chips (30g),883,0,0.0
2025-06-15,Sunflower Seeds(Suf),10,0,0.0
2025-06-15,Sweet Potato,324,0,0.0
2025-06-15,Taza Quick oats ,15,0,0.0
2025-06-15,Theday Strawberry Jam,5,0,0.0
2025-06-15,Tomato,7756,797,0.10275915420319752
2025-06-15,Tooth Brush ,39,0,0.0
2025-06-15,Victory Natural Water/Pack,15,0,0.0
2025-06-15,White cabbage,2334,190,0.08140531276778064
2025-06-15,Wush Wush Tea ,48,0,0.0
2025-06-15,Zion biscuit,58,0,0.0
2025-06-15,Zucchini,277,49,0.17689530685920576
2025-06-15,victory purified natural water,136,0,0.0
2025-06-15,wakene flour,950,0,0.0
2025-06-22,Ajax Soap,450,0,0.0
2025-06-22,Almi Kolo,5,0,0.0
2025-06-22,Apple Mango ,1056,145,0.13731060606060605
2025-06-22,Avocado,8804,388,0.04407087687414812
2025-06-22,B&B Baby Diaper,5,0,0.0
2025-06-22,Banana/ Raw ,378,0,0.0
2025-06-22,Beetroot,1706,86,0.05041031652989449
2025-06-22,Bella Sanitary Pad,51,0,0.0
2025-06-22,Bravo Table Tissue,114,0,0.0
2025-06-22,Bravo Toilet Paper,41,0,0.0
2025-06-22,CK Laundry Soap,149,0,0.0
2025-06-22,CK Powdered Soap ,25,0,0.0
2025-06-22,Carrot,4480,331,0.07388392857142857
2025-06-22,Coffee Latte Cream Biscuit,174,0,0.0
2025-06-22,Cucumber,184,10,0.05434782608695652
2025-06-22,Dabur Herbal Tooth Paste ,130,0,0.0
2025-06-22,Dachi Vinegar ,43,0,0.0
2025-06-22,Dh geda flour,10,0,0.0
2025-06-22,Digis table salt,40,0,0.0
2025-06-22,Eggplant,70,0,0.0
2025-06-22,Finger Biscuits,40,0,0.0
2025-06-22,Fossolia,2418,0,0.0
2025-06-22,Garlic,759,0,0.0
2025-06-22,Garlic ,276,0,0.0
2025-06-22,Ginger,48,0,0.0
2025-06-22,Ginger ,311,12,0.03858520900321544
2025-06-22,Green Chili (ስታርታ),814,0,0.0
2025-06-22,Happy Toilet Tissue ,17,0,0.0
2025-06-22,Iceberg Salad,12,0,0.0
2025-06-22,Juliet Biscuit ,138,0,0.0
2025-06-22,Kinche Yegebs,40,0,0.0
2025-06-22,Knick Knack,31,0,0.0
2025-06-22,Kono beauty soap,202,0,0.0
2025-06-22,Lemon,521,0,0.0
2025-06-22,Lentils (imported),426,0,0.0
2025-06-22,MIA Pasta,138,0,0.0
2025-06-22,Mekelsha,148,0,0.0
2025-06-22,Moon Coffee Biscuit ,121,10,0.08264462809917356
2025-06-22,Moon Vanilla Biscuit ,366,0,0.0
2025-06-22,Moya Biscuit,794,0,0.0
2025-06-22,NIB Chocolate Bar,18,0,0.0
2025-06-22,NIB Chocolate Spread ,62,0,0.0
2025-06-22,Nib Mini Chocolate (5pcs),39,0,0.0
2025-06-22,Nigist Sanitary Pad,89,0,0.0
2025-06-22,Papaya,459,47,0.10239651416122005
2025-06-22,Pineapple,247,0,0.0
2025-06-22,Potato,16041,1302,0.08116700953805872
2025-06-22,Potato for Chips,1652,557,0.3371670702179177
2025-06-22,Red Onion A,7653,286,0.03737096563439174
2025-06-22,Red Onion B,9818,630,0.06416785496027705
2025-06-22,Red Onion Elfora ,1830,184,0.1005464480874317
2025-06-22,Rice ,98,0,0.0
2025-06-22,Sun Chips (30g),368,0,0.0
2025-06-22,Sunflower Seeds(Suf),5,0,0.0
2025-06-22,Sweet Potato,1758,27,0.015358361774744027
2025-06-22,Tomato,6897,597,0.08655937364071335
2025-06-22,Tooth Brush ,68,0,0.0
2025-06-22,Torti Chips,65,0,0.0
2025-06-22,Victory Natural Water/Pack,26,0,0.0
2025-06-22,White cabbage,3757,347,0.09236092627096087
2025-06-22,Wush Wush Tea ,93,0,0.0
2025-06-22,Zion biscuit,70,0,0.0
2025-06-22,Zucchini,238,10,0.04201680672268908
2025-06-22,victory purified natural water,80,0,0.0
2025-06-22,wakene flour,409,0,0.0
2025-06-29,Ajax Soap,386,0,0.0
2025-06-29,Apple Mango ,1331,151,0.11344853493613824
2025-06-29,Ater Kik,66,0,0.0
2025-06-29,Avocado,11905,928,0.07795044099118018
2025-06-29,Banana/ Raw ,100,0,0.0
2025-06-29,Beetroot,2143,217,0.10125991600559962
2025-06-29,Bella Sanitary Pad,23,0,0.0
2025-06-29,Bravo Table Tissue,47,0,0.0
2025-06-29,Bravo Toilet Paper,34,0,0.0
2025-06-29,CK Laundry Soap,77,0,0.0
2025-06-29,CK Powdered Soap ,64,0,0.0
2025-06-29,Carrot,3689,645,0.17484413120086745
2025-06-29,Cerifam Fruit ,5,0,0.0
2025-06-29,Cloud Multi Purpose/ 2L,10,0,0.0
2025-06-29,Coffee Latte Cream Biscuit,170,0,0.0
2025-06-29,Cucumber,137,0,0.0
2025-06-29,Dabur Herbal Tooth Paste ,125,0,0.0
2025-06-29,Dachi Ketchup,6,0,0.0
2025-06-29,Dachi Vinegar ,10,0,0.0
2025-06-29,Dh geda flour,10,0,0.0
2025-06-29,Eggplant,42,0,0.0
2025-06-29,Elbow Macaroni ,43,0,0.0
2025-06-29,Fossolia,1320,0,0.0
2025-06-29,Garlic,510,0,0.0
2025-06-29,Garlic ,188,0,0.0
2025-06-29,Ginger,20,0,0.0
2025-06-29,Ginger ,340,20,0.058823529411764705
2025-06-29,Green Chili (ስታርታ),804,0,0.0
2025-06-29,Happy Toilet Tissue ,15,0,0.0
2025-06-29,Indomie Vegetable Noodles ,30,0,0.0
2025-06-29,Juliet Biscuit ,12,0,0.0
2025-06-29,Kinche Yegebs,22,0,0.0
2025-06-29,Knick Knack,32,0,0.0
2025-06-29,Kono beauty soap,120,0,0.0
2025-06-29,Lemon,542,0,0.0
2025-06-29,Lentils (imported),341,0,0.0
2025-06-29,Mekelsha,106,0,0.0
2025-06-29,Moon Cinnamon Biscuit  ,54,0,0.0
2025-06-29,Moon Coffee Biscuit ,224,10,0.044642857142857144
2025-06-29,Moon Cookies All Flavors,5,0,0.0
2025-06-29,Moon Vanilla Biscuit ,196,0,0.0
2025-06-29,Moya Biscuit,314,0,0.0
2025-06-29,NIB Chocolate Bar,22,0,0.0
2025-06-29,NIB Chocolate Spread ,34,0,0.0
2025-06-29,Nib Mini Chocolate (5pcs),46,0,0.0
2025-06-29,Nigist Sanitary Pad,67,0,0.0
2025-06-29,Papaya,698,58,0.0830945558739255
2025-06-29,Pineapple,174,0,0.0
2025-06-29,Potato,14569,1857,0.12746242020728946
2025-06-29,Potato for Chips,1480,570,0.38513513513513514
2025-06-29,Red Onion A,7947,1063,0.13376116773625268
2025-06-29,Red Onion B,7399,682,0.09217461819164752
2025-06-29,Red Onion Elfora ,323,0,0.0
2025-06-29,Rice ,32,0,0.0
2025-06-29,Safa Tomato Paste ,175,0,0.0
2025-06-29,Sun Chips (30g),351,0,0.0
2025-06-29,Sunflower Seeds(Suf),5,0,0.0
2025-06-29,Sweet Potato,977,42,0.042988741044012284
2025-06-29,Taza Quick oats ,20,0,0.0
2025-06-29,Tomato,10932,1177,0.10766556897182583
2025-06-29,Tooth Brush ,15,0,0.0
2025-06-29,Victory Natural Water/Pack,19,0,0.0
2025-06-29,White cabbage,3302,568,0.17201695941853423
2025-06-29,Wush Wush Tea ,74,0,0.0
2025-06-29,Zion biscuit,6,0,0.0
2025-06-29,Zucchini,152,0,0.0
2025-06-29,victory purified natural water,130,0,0.0
2025-06-29,wakene flour,778,0,0.0
2025-07-06,AMI White Honey ,5,0,0.0
2025-07-06,Ajax Soap,99,0,0.0
2025-07-06,Apple Mango ,727,46,0.06327372764786796
2025-07-06,Ater Kik,46,0,0.0
2025-07-06,Avocado,8642,760,0.08794260587826892
2025-07-06,B&B Baby Diaper,6,0,0.0
2025-07-06,Beetroot,1742,311,0.17853042479908152
2025-07-06,Bella Sanitary Pad,63,0,0.0
2025-07-06,Bravo Table Tissue,44,0,0.0
2025-07-06,Bravo Toilet Paper,15,0,0.0
2025-07-06,CK Laundry Soap,141,0,0.0
2025-07-06,Carrot,3896,488,0.12525667351129363
2025-07-06,Cerifam Fruit ,5,0,0.0
2025-07-06,Ck Powder Soap,15,0,0.0
2025-07-06,Cloud Multi Purpose/ 2L,5,0,0.0
2025-07-06,Cloud Window Cleaner,18,0,0.0
2025-07-06,Coffee Latte Cream Biscuit,90,0,0.0
2025-07-06,Cucumber,223,10,0.04484304932735426
2025-07-06,Dabur Herbal Tooth Paste ,57,0,0.0
2025-07-06,Dachi Vinegar ,17,0,0.0
2025-07-06,Eggplant,624,20,0.03205128205128205
2025-07-06,Elbow Macaroni ,31,0,0.0
2025-07-06,Fossolia,1630,0,0.0
2025-07-06,Garlic,456,0,0.0
2025-07-06,Garlic ,209,0,0.0
2025-07-06,Ginger,47,0,0.0
2025-07-06,Ginger ,236,0,0.0
2025-07-06,Green Chili (ስታርታ),619,0,0.0
2025-07-06,Happy Toilet Tissue ,9,0,0.0
2025-07-06,Indomie Noodles (Large),250,0,0.0
2025-07-06,Juliet Biscuit ,45,0,0.0
2025-07-06,Kinche Yegebs,5,0,0.0
2025-07-06,Knick Knack,18,0,0.0
2025-07-06,Kono beauty soap,185,0,0.0
2025-07-06,Lemon,258,0,0.0
2025-07-06,Lentils (imported),97,0,0.0
2025-07-06,Loli Chips ,124,0,0.0
2025-07-06,Loli Chips Ketchup Flavor ,43,0,0.0
2025-07-06,MIA Pasta,1038,0,0.0
2025-07-06,Mekelsha,115,0,0.0
2025-07-06,Moon Cinnamon Biscuit  ,119,0,0.0
2025-07-06,Moon Coffee Biscuit ,72,22,0.3055555555555556
2025-07-06,Moon Vanilla Biscuit ,30,0,0.0
2025-07-06,Moya Biscuit,764,0,0.0
2025-07-06,NIB Chocolate Bar,24,0,0.0
2025-07-06,NIB Chocolate Spread ,34,0,0.0
2025-07-06,Nib Mini Chocolate (5pcs),63,0,0.0
2025-07-06,Nigist Sanitary Pad,41,0,0.0
2025-07-06,Orange Valencia,226,52,0.23008849557522124
2025-07-06,Papaya,479,24,0.05010438413361169
2025-07-06,Pineapple,250,12,0.048
2025-07-06,Potato,17503,3215,0.18368279723475975
2025-07-06,Potato for Chips,806,139,0.17245657568238212
2025-07-06,Red Onion A,10341,1879,0.18170389710859686
2025-07-06,Red Onion B,5062,624,0.123271434215725
2025-07-06,Rice ,175,0,0.0
2025-07-06,Safa Tomato Paste ,166,0,0.0
2025-07-06,Sun Chips (30g),538,0,0.0
2025-07-06,Sunflower Seeds(Suf),8,0,0.0
2025-07-06,Sweet Potato,575,61,0.10608695652173913
2025-07-06,Taza Quick oats ,11,0,0.0
2025-07-06,Tomato,7522,1736,0.23078968359478863
2025-07-06,Tomato B,65,42,0.6461538461538462
2025-07-06,Tooth Brush ,55,0,0.0
2025-07-06,Vatika Almond Hair Oil ,11,0,0.0
2025-07-06,Vatika Coconut Hair Oil,30,0,0.0
2025-07-06,Vatika Lemon Shampoo,55,0,0.0
2025-07-06,Vatika Olive Hair Oil,33,0,0.0
2025-07-06,Victory Natural Water/Pack,52,0,0.0
2025-07-06,Victory Water ,54,0,0.0
2025-07-06,White cabbage,4564,746,0.16345311130587203
2025-07-06,Wush Wush Tea ,71,0,0.0
2025-07-06,Zion biscuit,3,0,0.0
2025-07-06,Zucchini,242,10,0.04132231404958678
2025-07-06,victory purified natural water,24,0,0.0
2025-07-06,wakene flour,680,0,0.0
2025-07-13,Ajax Soap,225,0,0.0
2025-07-13,Apple,258,0,0.0
2025-07-13,Apple Mango ,596,113,0.18959731543624161
2025-07-13,Ater Kik,86,0,0.0
2025-07-13,Avocado,8440,719,0.08518957345971565
2025-07-13,Beetroot,1602,273,0.1704119850187266
2025-07-13,Bella Sanitary Pad,42,0,0.0
2025-07-13,Bravo Table Tissue,39,0,0.0
2025-07-13,Bravo Toilet Paper,46,0,0.0
2025-07-13,CK Laundry Soap,68,0,0.0
2025-07-13,CK Powdered Soap ,15,0,0.0
2025-07-13,Carrot,2671,450,0.16847622613253463
2025-07-13,Coffee Latte Cream Biscuit,103,0,0.0
2025-07-13,Cucumber,157,20,0.12738853503184713
2025-07-13,Dabur Herbal Tooth Paste ,17,0,0.0
2025-07-13,Dachi Vimto,5,0,0.0
2025-07-13,Dachi Vinegar ,10,0,0.0
2025-07-13,Eggplant,354,12,0.03389830508474576
2025-07-13,Elbow Macaroni ,20,0,0.0
2025-07-13,Fossolia,944,0,0.0
2025-07-13,Garlic,516,0,0.0
2025-07-13,Garlic ,88,0,0.0
2025-07-13,Ginger,53,0,0.0
2025-07-13,Ginger ,188,13,0.06914893617021277
2025-07-13,Green Chili (ስታርታ),515,0,0.0
2025-07-13,Indomie Noodles (Large),86,0,0.0
2025-07-13,Juliet Biscuit ,222,0,0.0
2025-07-13,Kinche Yegebs,36,0,0.0
2025-07-13,Kono beauty soap,114,0,0.0
2025-07-13,Lemon,396,0,0.0
2025-07-13,Lentils (imported),260,0,0.0
2025-07-13,Lifebuoy 70g,247,0,0.0
2025-07-13,Loli Chips ,300,0,0.0
2025-07-13,Lux 70g,51,0,0.0
2025-07-13,MIA Pasta,707,0,0.0
2025-07-13,Mekelsha,146,0,0.0
2025-07-13,Moya Biscuit,893,0,0.0
2025-07-13,NIB Chocolate Bar,29,0,0.0
2025-07-13,Nib Mini Chocolate (5pcs),15,0,0.0
2025-07-13,Nigist Sanitary Pad,5,0,0.0
2025-07-13,Omaar Pure Vegetable Ghee ,4,0,0.0
2025-07-13,Orange Valencia,104,24,0.23076923076923078
2025-07-13,Papaya,539,165,0.30612244897959184
2025-07-13,Pineapple,221,24,0.1085972850678733
2025-07-13,Potato,14829,3152,0.21255647717310674
2025-07-13,Potato for Chips,988,371,0.37550607287449395
2025-07-13,Red Onion A,8961,2158,0.24082133690436336
2025-07-13,Red Onion B,7620,748,0.09816272965879265
2025-07-13,Red Onion Elfora ,197,0,0.0
2025-07-13,Rice ,162,0,0.0
2025-07-13,Safa Tomato Paste ,70,0,0.0
2025-07-13,Sugar ,111,0,0.0
2025-07-13,Sun Chips (30g),687,0,0.0
2025-07-13,Sweet Potato,496,101,0.20362903225806453
2025-07-13,Taza Quick oats ,27,0,0.0
2025-07-13,Tomato,7321,1537,0.2099439967217593
2025-07-13,Tomato B,2872,424,0.14763231197771587
2025-07-13,Tooth Brush ,17,0,0.0
2025-07-13,Vatika Almond Hair Oil ,10,0,0.0
2025-07-13,Vatika Coconut Hair Oil,10,0,0.0
2025-07-13,Vatika Lemon Shampoo,33,0,0.0
2025-07-13,White cabbage,3983,597,0.14988701983429575
2025-07-13,Wush Wush Tea ,45,0,0.0
2025-07-13,Zucchini,296,30,0.10135135135135136
2025-07-13,wakene flour,1021,0,0.0
2025-07-20,Ajax Soap,274,0,0.0
2025-07-20,Apple,17,0,0.0
2025-07-20,Apple Mango ,353,34,0.09631728045325778
2025-07-20,Ater Kik,135,0,0.0
2025-07-20,Avocado,7625,600,0.07868852459016394
2025-07-20,B&B Baby Wipes,4,0,0.0
2025-07-20,Beetroot,1770,283,0.1598870056497175
2025-07-20,Bella Sanitary Pad,48,0,0.0
2025-07-20,Bravo Table Tissue,41,0,0.0
2025-07-20,Bravo Toilet Paper,36,0,0.0
2025-07-20,CK Laundry Soap,125,0,0.0
2025-07-20,CK Powdered Soap ,3,0,0.0
2025-07-20,Carrot,3180,373,0.11729559748427673
2025-07-20,Cerifam Fruit ,5,0,0.0
2025-07-20,Cloud Multi Purpose/ 2L,5,0,0.0
2025-07-20,Cloud Window Cleaner,10,0,0.0
2025-07-20,Coffee Latte Cream Biscuit,25,0,0.0
2025-07-20,Corn ,4957,303,0.061125680855356065
2025-07-20,Cucumber,148,0,0.0
2025-07-20,Dabur Herbal Tooth Paste ,46,0,0.0
2025-07-20,Dachi Vinegar ,8,0,0.0
2025-07-20,Eggplant,285,0,0.0
2025-07-20,Elbow Macaroni ,27,0,0.0
2025-07-20,Fossolia,1190,0,0.0
2025-07-20,Garlic,430,0,0.0
2025-07-20,Garlic ,86,0,0.0
2025-07-20,Ginger,25,0,0.0
2025-07-20,Ginger ,180,36,0.2
2025-07-20,Green Chili (ስታርታ),723,0,0.0
2025-07-20,Indomie Noodles (Large),441,0,0.0
2025-07-20,Juliet Biscuit ,5,0,0.0
2025-07-20,Kono beauty soap,282,0,0.0
2025-07-20,Lemon,800,0,0.0
2025-07-20,Lentils (imported),332,0,0.0
2025-07-20,Lifebuoy 70g,459,0,0.0
2025-07-20,Loli Chips ,10,0,0.0
2025-07-20,Lux 70g,109,0,0.0
2025-07-20,MIA Pasta,127,0,0.0
2025-07-20,Mekelsha,88,0,0.0
2025-07-20,Moon Coffee Biscuit ,368,80,0.21739130434782608
2025-07-20,Moon Strawberry Biscuit ,281,0,0.0
2025-07-20,Moya Biscuit,704,0,0.0
2025-07-20,NIB Chocolate Bar,13,0,0.0
2025-07-20,Nib Mini Chocolate (5pcs),39,0,0.0
2025-07-20,Nigist Sanitary Pad,38,0,0.0
2025-07-20,Omaar Pure Vegetable Ghee ,5,0,0.0
2025-07-20,Orange Valencia,68,12,0.17647058823529413
2025-07-20,Papaya,320,48,0.15
2025-07-20,Pineapple,55,0,0.0
2025-07-20,Potato,15642,3108,0.1986958189489835
2025-07-20,Potato for Chips,1502,772,0.5139813581890812
2025-07-20,Red Onion A,9114,2454,0.26925608953258723
2025-07-20,Red Onion B,6877,555,0.08070379525956085
2025-07-20,Rice ,203,0,0.0
2025-07-20,Safa Tomato Paste ,62,0,0.0
2025-07-20,Sugar ,108,0,0.0
2025-07-20,Sun Chips (30g),794,0,0.0
2025-07-20,Sweet Potato,1010,48,0.047524752475247525
2025-07-20,Tomato,9456,1230,0.13007614213197968
2025-07-20,Tomato B,3083,421,0.13655530327602985
2025-07-20,Tooth Brush ,32,0,0.0
2025-07-20,Vatika Almond Hair Oil ,30,0,0.0
2025-07-20,Vatika Coconut Hair Oil,33,0,0.0
2025-07-20,Vatika Lemon Shampoo,28,0,0.0
2025-07-20,Victory Water ,21,0,0.0
2025-07-20,White cabbage,4054,406,0.10014800197335964
2025-07-20,Wush Wush Tea ,70,0,0.0
2025-07-20,YEAH Bar Soap,3,0,0.0
2025-07-20,Zion biscuit,81,0,0.0
2025-07-20,Zucchini,244,0,0.0
2025-07-20,victory purified natural water,18,0,0.0
2025-07-20,wakene flour,522,0,0.0
2025-07-27,AL-Hinan flour,568,0,0.0
2025-07-27,Ajax Soap,209,0,0.0
2025-07-27,Apple,52,0,0.0
2025-07-27,Apple Mango ,233,25,0.1072961373390558
2025-07-27,Ater Kik,112,0,0.0
2025-07-27,Avocado,6725,675,0.10037174721189591
2025-07-27,B&B Baby Wipes,10,0,0.0
2025-07-27,Beetroot,2366,382,0.1614539306846999
2025-07-27,Bella Sanitary Pad,5,0,0.0
2025-07-27,Bravo Table Tissue,80,0,0.0
2025-07-27,Bravo Toilet Paper,48,0,0.0
2025-07-27,CK Laundry Soap,63,0,0.0
2025-07-27,CK Powdered Soap ,10,0,0.0
2025-07-27,Carrot,3276,382,0.11660561660561661
2025-07-27,Cerifam Fruit ,5,0,0.0
2025-07-27,Corn ,3925,401,0.1021656050955414
2025-07-27,Cucumber,187,20,0.10695187165775401
2025-07-27,Dabur Herbal Tooth Paste ,44,0,0.0
2025-07-27,Dachi Vinegar ,10,0,0.0
2025-07-27,Eggplant,115,0,0.0
2025-07-27,Elbow Macaroni ,62,0,0.0
2025-07-27,Fossolia,1522,0,0.0
2025-07-27,Garlic,597,0,0.0
2025-07-27,Garlic ,98,0,0.0
2025-07-27,Ginger,56,30,0.5357142857142857
2025-07-27,Ginger ,341,67,0.19648093841642228
2025-07-27,Green Chili (ስታርታ),829,0,0.0
2025-07-27,Indomie Noodles (Large),395,0,0.0
2025-07-27,Kono beauty soap,82,0,0.0
2025-07-27,Lemon,607,0,0.0
2025-07-27,Lentils (imported),342,0,0.0
2025-07-27,Lifebuoy 70g,125,0,0.0
2025-07-27,Lifebuoy Red (70g),40,0,0.0
2025-07-27,Loli Chips ,10,0,0.0
2025-07-27,Loli chips (Paprika),19,0,0.0
2025-07-27,Lux 70g,92,0,0.0
2025-07-27,Mekelsha,104,0,0.0
2025-07-27,Moon Coffee Biscuit ,233,70,0.30042918454935624
2025-07-27,Moon Strawberry Biscuit ,104,0,0.0
2025-07-27,Moya Biscuit,291,0,0.0
2025-07-27,NIB Chocolate Bar,10,0,0.0
2025-07-27,Nib Mini Chocolate (5pcs),5,0,0.0
2025-07-27,Nigist Sanitary Pad,73,0,0.0
2025-07-27,Orange Valencia,330,12,0.03636363636363636
2025-07-27,Papaya,765,67,0.08758169934640522
2025-07-27,Pineapple,64,0,0.0
2025-07-27,Potato,15904,2774,0.1744215291750503
2025-07-27,Potato for Chips,1091,522,0.4784601283226398
2025-07-27,Red Onion A,6326,1548,0.24470439456212456
2025-07-27,Red Onion B,6261,763,0.1218655166906245
2025-07-27,Rice ,68,0,0.0
2025-07-27,Safa Tomato Paste ,35,0,0.0
2025-07-27,Small Red Onion,897,25,0.027870680044593088
2025-07-27,Sun Chips (30g),65,0,0.0
2025-07-27,Sweet Potato,638,62,0.09717868338557993
2025-07-27,Taza Quick oats ,10,0,0.0
2025-07-27,Tomato,9138,1456,0.15933464653096957
2025-07-27,Tomato B,2718,447,0.16445916114790288
2025-07-27,Vatika Almond Hair Oil ,12,0,0.0
2025-07-27,Vatika Coconut Hair Oil,6,0,0.0
2025-07-27,Vatika Lemon Shampoo,19,0,0.0
2025-07-27,Victory Natural Water/Pack,6,0,0.0
2025-07-27,White cabbage,5409,726,0.13422074320576816
2025-07-27,Wush Wush Tea ,20,0,0.0
2025-07-27,YEAH Bar Soap,57,0,0.0
2025-07-27,Zucchini,229,32,0.13973799126637554
2025-07-27,victory purified natural water,28,0,0.0
2025-08-03,AL-Hinan flour,951,0,0.0
2025-08-03,Ajax Soap,144,0,0.0
2025-08-03,Apple,132,0,0.0
2025-08-03,Apple Mango ,88,10,0.11363636363636363
2025-08-03,Ater Kik,110,0,0.0
2025-08-03,Avocado,5324,716,0.13448534936138243
2025-08-03,Beetroot,2384,269,0.11283557046979865
2025-08-03,Beka ButterCups Fasting Biscut,126,0,0.0
2025-08-03,Beka Cinni Fasting Biscuit ,25,0,0.0
2025-08-03,Bravo Table Tissue,64,0,0.0
2025-08-03,Bravo Toilet Paper,10,0,0.0
2025-08-03,CK Laundry Soap,108,0,0.0
2025-08-03,Carrot,3349,491,0.14661092863541356
2025-08-03,Cerifam Fruit ,5,0,0.0
2025-08-03,Cloud Multi Purpose/ 2L,18,0,0.0
2025-08-03,Cloud Window Cleaner,5,0,0.0
2025-08-03,Corn ,2144,215,0.10027985074626866
2025-08-03,Corn Starch ,126,0,0.0
2025-08-03,Cucumber,316,45,0.14240506329113925
2025-08-03,Dabur Herbal Tooth Paste ,15,0,0.0
2025-08-03,Dachi Vinegar ,16,0,0.0
2025-08-03,Eggplant,358,24,0.0670391061452514
2025-08-03,Elbow Macaroni ,46,0,0.0
2025-08-03,Fossolia,1040,0,0.0
2025-08-03,Garlic,551,0,0.0
2025-08-03,Garlic ,151,0,0.0
2025-08-03,Ginger,31,0,0.0
2025-08-03,Ginger ,231,36,0.15584415584415584
2025-08-03,Green Chili (ስታርታ),652,0,0.0
2025-08-03,Indomie Noodles (Large),484,0,0.0
2025-08-03,Kono beauty soap,55,0,0.0
2025-08-03,Lemon,405,0,0.0
2025-08-03,Lentils (imported),215,0,0.0
2025-08-03,Lifebuoy 70g,57,0,0.0
2025-08-03,Lifebuoy Red (70g),206,0,0.0
2025-08-03,Loli chips (Paprika),44,0,0.0
2025-08-03,Lux 70g,56,0,0.0
2025-08-03,MIA Pasta,55,0,0.0
2025-08-03,Mekelsha,88,0,0.0
2025-08-03,Moon Coffee Biscuit ,417,72,0.17266187050359713
2025-08-03,Moon Strawberry Biscuit ,68,0,0.0
2025-08-03,Moya Biscuit,198,0,0.0
2025-08-03,Nib Mini Chocolate (5pcs),11,0,0.0
2025-08-03,Nigist Sanitary Pad,31,0,0.0
2025-08-03,Orange Valencia,146,12,0.0821917808219178
2025-08-03,Papaya,489,32,0.065439672801636
2025-08-03,Pineapple,35,0,0.0
2025-08-03,Potato,14462,2796,0.19333425528972478
2025-08-03,Potato for Chips,1744,1151,0.6599770642201835
2025-08-03,Red Onion A,5927,1359,0.22928969124346213
2025-08-03,Red Onion B,2994,353,0.11790247160988644
2025-08-03,Red onion ( ሃበሻ ),777,0,0.0
2025-08-03,Rice ,139,0,0.0
2025-08-03,Safa Tomato Paste ,42,0,0.0
2025-08-03,Safa Tomato Paste 400g,5,0,0.0
2025-08-03,Sun Chips (30g),40,0,0.0
2025-08-03,Sweet Potato,621,51,0.0821256038647343
2025-08-03,Taza Quick oats ,11,0,0.0
2025-08-03,Tomato,8055,1831,0.22731222842954688
2025-08-03,Tomato B,2486,399,0.16049879324215607
2025-08-03,Vatika Almond Hair Oil ,11,0,0.0
2025-08-03,Vatika Coconut Hair Oil,10,0,0.0
2025-08-03,Vatika Lemon Shampoo,5,0,0.0
2025-08-03,Vatika Olive Hair Oil,15,0,0.0
2025-08-03,Victory Water ,11,0,0.0
2025-08-03,White cabbage,5578,633,0.11348153460021514
2025-08-03,Wush Wush Tea ,70,0,0.0
2025-08-03,YEAH Bar Soap,26,0,0.0
2025-08-03,Zion biscuit,7,0,0.0
2025-08-03,Zucchini,418,31,0.07416267942583732
2025-08-03,victory purified natural water,24,0,0.0
2025-08-10,AL-Hinan flour,391,0,0.0
2025-08-10,Ajax Soap,245,0,0.0
2025-08-10,Apple,134,0,0.0
2025-08-10,Ater Kik,65,0,0.0
2025-08-10,Avocado,8733,617,0.07065155158593839
2025-08-10,Beetroot,1814,156,0.08599779492833518
2025-08-10,Beka ButterCups Fasting Biscut,92,0,0.0
2025-08-10,Beka Cinni Fasting Biscuit ,5,0,0.0
2025-08-10,Bravo Table Tissue,99,0,0.0
2025-08-10,Bravo Toilet Paper,75,0,0.0
2025-08-10,CK Laundry Soap,83,0,0.0
2025-08-10,Carrot,3742,268,0.07161945483698556
2025-08-10,Cerifam Fruit ,5,0,0.0
2025-08-10,Cerifam Vegetable ,10,0,0.0
2025-08-10,Corn ,1904,107,0.05619747899159664
2025-08-10,Corn Starch ,167,0,0.0
2025-08-10,Cucumber,98,0,0.0
2025-08-10,Dabur Herbal Tooth Paste ,25,0,0.0
2025-08-10,Dachi Ketchup ,15,0,0.0
2025-08-10,Dachi Vinegar ,26,0,0.0
2025-08-10,Eggplant,411,0,0.0
2025-08-10,Elbow Macaroni ,10,0,0.0
2025-08-10,Flax Seed ,30,0,0.0
2025-08-10,Fossolia,3036,0,0.0
2025-08-10,Garlic,372,0,0.0
2025-08-10,Garlic ,214,0,0.0
2025-08-10,Ginger,45,0,0.0
2025-08-10,Ginger ,222,0,0.0
2025-08-10,Green Chili (ስታርታ),746,0,0.0
2025-08-10,Indomie Noodles (Large),73,0,0.0
2025-08-10,Ipas Anti-Bacterial Soap,5,0,0.0
2025-08-10,Kono beauty soap,199,0,0.0
2025-08-10,Lemon,641,0,0.0
2025-08-10,Lentils (imported),255,0,0.0
2025-08-10,Lifebuoy 70g,104,0,0.0
2025-08-10,Loli chips (Paprika),104,0,0.0
2025-08-10,Lux 70g,20,0,0.0
2025-08-10,MIA Pasta,291,0,0.0
2025-08-10,Mekelsha,64,0,0.0
2025-08-10,Moon Coffee Biscuit ,98,0,0.0
2025-08-10,Moon Strawberry Biscuit ,65,0,0.0
2025-08-10,Moya Biscuit,134,0,0.0
2025-08-10,Nib Mini Chocolate (5pcs),45,0,0.0
2025-08-10,Nigist Sanitary Pad,51,0,0.0
2025-08-10,Ok Macaroni 500g,51,0,0.0
2025-08-10,Omaar Pure Vegetable Ghee ,10,0,0.0
2025-08-10,Orange Valencia,295,15,0.05084745762711865
2025-08-10,Papaya,1173,75,0.0639386189258312
2025-08-10,Potato,15440,2183,0.1413860103626943
2025-08-10,Potato for Chips,1610,1200,0.7453416149068323
2025-08-10,Red Onion A,230,0,0.0
2025-08-10,Red Onion B,10,0,0.0
2025-08-10,Red Onion Elfora ,514,50,0.09727626459143969
2025-08-10,Red onion ( ሃበሻ ),9353,811,0.08671014647706618
2025-08-10,Rice ,89,0,0.0
2025-08-10,Safa Tomato Paste ,67,0,0.0
2025-08-10,Safa Tomato Paste 400g,5,0,0.0
2025-08-10,Small Red Onion,624,0,0.0
2025-08-10,Sugar ,120,0,0.0
2025-08-10,Sun Chips (30g),27,0,0.0
2025-08-10,Sunflower Seeds(Suf),5,0,0.0
2025-08-10,Sweet Potato,596,63,0.10570469798657718
2025-08-10,Taza Quick oats ,21,0,0.0
2025-08-10,Tomato,5188,610,0.11757902852737086
2025-08-10,Tomato B,2929,241,0.08228064185728917
2025-08-10,Vatika Almond Hair Oil ,16,0,0.0
2025-08-10,Vatika Olive Hair Oil,5,0,0.0
2025-08-10,White cabbage,3301,237,0.07179642532565889
2025-08-10,Wush Wush Tea ,95,0,0.0
2025-08-10,Zion biscuit,26,0,0.0
2025-08-10,Zucchini,330,0,0.0
2025-08-10,victory purified natural water,16,0,0.0
2025-08-17,AL-Hinan flour,960,0,0.0
2025-08-17,AMI White Honey ,16,0,0.0
2025-08-17,Ajax Soap,338,0,0.0
2025-08-17,Apple,48,0,0.0
2025-08-17,Ater Kik,57,0,0.0
2025-08-17,Avocado,6870,702,0.10218340611353711
2025-08-17,B&B Baby Diaper,13,0,0.0
2025-08-17,Beetroot,1044,165,0.15804597701149425
2025-08-17,Bethel Flour ,20,0,0.0
2025-08-17,Bravo Table Tissue,29,0,0.0
2025-08-17,Bravo Toilet Paper,51,0,0.0
2025-08-17,Buna Pen,10,0,0.0
2025-08-17,CK Laundry Soap,45,0,0.0
2025-08-17,CK Powdered Soap ,7,0,0.0
2025-08-17,Carrot,2651,203,0.07657487740475293
2025-08-17,ChipChip Umbrella,35,0,0.0
2025-08-17,Corn ,3048,351,0.11515748031496063
2025-08-17,Corn Starch ,112,0,0.0
2025-08-17,Cucumber,35,0,0.0
2025-08-17,Dabur Herbal Tooth Paste ,5,0,0.0
2025-08-17,Dachi Vinegar ,5,0,0.0
2025-08-17,Eggplant,106,13,0.12264150943396226
2025-08-17,Elbow Macaroni ,10,0,0.0
2025-08-17,Flax Seed ,6,0,0.0
2025-08-17,Fossolia,1328,0,0.0
2025-08-17,Garlic,325,0,0.0
2025-08-17,Garlic ,119,0,0.0
2025-08-17,Ginger,77,0,0.0
2025-08-17,Ginger ,158,12,0.0759493670886076
2025-08-17,Green Chili (ስታርታ),642,0,0.0
2025-08-17,Indomie Noodles (Large),89,0,0.0
2025-08-17,Ipas Anti-Bacterial Soap,64,0,0.0
2025-08-17,Knick Knack,15,0,0.0
2025-08-17,Kono beauty soap,57,0,0.0
2025-08-17,Lemon,640,0,0.0
2025-08-17,Lentils (imported),161,0,0.0
2025-08-17,Lifebuoy 70g,140,0,0.0
2025-08-17,Loli chips (Paprika),43,0,0.0
2025-08-17,Lux 70g,40,0,0.0
2025-08-17,MIA Pasta,3,0,0.0
2025-08-17,Mekelsha,90,0,0.0
2025-08-17,Moon Coffee Biscuit ,55,0,0.0
2025-08-17,Moon Strawberry Biscuit ,5,0,0.0
2025-08-17,Moya Biscuit,69,0,0.0
2025-08-17,Nib Mini Chocolate (5pcs),34,0,0.0
2025-08-17,Nigist Sanitary Pad,31,0,0.0
2025-08-17,Ok Macaroni 500g,219,0,0.0
2025-08-17,Orange Valencia,360,62,0.17222222222222222
2025-08-17,Papaya,707,78,0.11032531824611033
2025-08-17,Pencil,5,0,0.0
2025-08-17,Potato,10512,2473,0.23525494672754946
2025-08-17,Potato for Chips,1703,1259,0.7392836171462126
2025-08-17,Radical Exercise Book/ Pack ,31,0,0.0
2025-08-17,Red Onion Elfora ,3054,332,0.10870988867059594
2025-08-17,Red onion ( ሃበሻ ),12085,2307,0.19089780719900704
2025-08-17,Rice ,50,0,0.0
2025-08-17,Safa Tomato Paste ,93,0,0.0
2025-08-17,Small Red Onion,639,0,0.0
2025-08-17,Sugar ,279,0,0.0
2025-08-17,Sun Chips (30g),37,0,0.0
2025-08-17,Sweet Potato,217,10,0.04608294930875576
2025-08-17,Taza Quick oats ,20,0,0.0
2025-08-17,Tomato,6903,1343,0.1945530928581776
2025-08-17,Tomato B,1590,192,0.12075471698113208
2025-08-17,Tooth Brush ,21,0,0.0
2025-08-17,Vatika Almond Hair Oil ,21,0,0.0
2025-08-17,Vatika Lemon Shampoo,21,0,0.0
2025-08-17,Vatika Olive Hair Oil,5,0,0.0
2025-08-17,Victory Water ,5,0,0.0
2025-08-17,White cabbage,3298,421,0.12765312310491206
2025-08-17,Wush Wush Tea ,58,0,0.0
2025-08-17,Zion biscuit,5,0,0.0
2025-08-17,Zucchini,138,10,0.07246376811594203
2025-08-24,AL-Hinan flour,2119,0,0.0
2025-08-24,AMI White Honey ,5,0,0.0
2025-08-24,Ajax Soap,197,0,0.0
2025-08-24,Apple,81,0,0.0
2025-08-24,Avocado,11872,1362,0.11472371967654986
2025-08-24,B&B Baby Diaper,5,0,0.0
2025-08-24,Beetroot,3914,613,0.15661727133367398
2025-08-24,Beka ButterCups Fasting Biscut,40,0,0.0
2025-08-24,Beka Cinni Fasting Biscuit ,30,0,0.0
2025-08-24,Bravo Table Tissue,82,0,0.0
2025-08-24,Bravo Toilet Paper,102,0,0.0
2025-08-24,Buna Pen,111,0,0.0
2025-08-24,CK Laundry Soap,30,0,0.0
2025-08-24,CK Powdered Soap ,20,0,0.0
2025-08-24,Carrot,4666,614,0.13159022717531077
2025-08-24,Cerifam Fruit ,5,0,0.0
2025-08-24,Coffee Latte Cream Biscuit,44,0,0.0
2025-08-24,Corn ,13761,1934,0.14054211176513334
2025-08-24,Corn Starch ,110,0,0.0
2025-08-24,Cucumber,149,24,0.1610738255033557
2025-08-24,Dabur Herbal Tooth Paste ,109,0,0.0
2025-08-24,Dachi Ketchup ,15,0,0.0
2025-08-24,Dachi Vinegar ,5,0,0.0
2025-08-24,EIIDE Exercise Book (12 pieces),12,0,0.0
2025-08-24,Eggplant,409,12,0.029339853300733496
2025-08-24,Elbow Macaroni ,25,0,0.0
2025-08-24,Flax Seed ,35,0,0.0
2025-08-24,Foreign’s egg,2641,0,0.0
2025-08-24,Fossolia,1796,0,0.0
2025-08-24,Garlic,1130,0,0.0
2025-08-24,Garlic ,255,0,0.0
2025-08-24,Ginger,87,0,0.0
2025-08-24,Ginger ,502,41,0.08167330677290836
2025-08-24,Green Chili (ስታርታ),491,0,0.0
2025-08-24,Indomie Noodles (Large),141,0,0.0
2025-08-24,Ipas Anti-Bacterial Soap,10,0,0.0
2025-08-24,Knick Knack,32,0,0.0
2025-08-24,Kono beauty soap,121,0,0.0
2025-08-24,Lemon,1107,0,0.0
2025-08-24,Lentils (imported),266,0,0.0
2025-08-24,Lifebuoy 70g,167,0,0.0
2025-08-24,Loli chips (Paprika),30,0,0.0
2025-08-24,Lux 70g,54,0,0.0
2025-08-24,Mekelsha,228,0,0.0
2025-08-24,Moon Cinnamon Biscuit  ,80,0,0.0
2025-08-24,Moon Coffee Biscuit ,15,0,0.0
2025-08-24,Moon Strawberry Biscuit ,42,0,0.0
2025-08-24,Moon Vanilla Biscuit ,83,0,0.0
2025-08-24,Moya Biscuit,164,0,0.0
2025-08-24,Moya coco loops Biscuit ,45,0,0.0
2025-08-24,Nib Mini Chocolate (5pcs),157,0,0.0
2025-08-24,Nigist Sanitary Pad,60,0,0.0
2025-08-24,Ok Macaroni 500g,21,0,0.0
2025-08-24,Orange Valencia,428,54,0.1261682242990654
2025-08-24,Papaya,1309,211,0.16119174942704353
2025-08-24,Pencil,305,0,0.0
2025-08-24,Pineapple,36,0,0.0
2025-08-24,Potato,23783,5606,0.23571458604885842
2025-08-24,Potato for Chips,1803,1220,0.6766500277315585
2025-08-24,Radical Exercise Book/ Pack ,162,0,0.0
2025-08-24,Raw Pop Corn ,30,0,0.0
2025-08-24,Raw Popcorn 500g,128,0,0.0
2025-08-24,Red Onion Elfora ,3686,433,0.11747151383613673
2025-08-24,Red onion ( ሃበሻ ),32965,8085,0.24526012437433642
2025-08-24,Rice ,156,0,0.0
2025-08-24,Safa Tomato Paste ,134,0,0.0
2025-08-24,Safa Tomato Paste 400g,15,0,0.0
2025-08-24,Small Red Onion,633,0,0.0
2025-08-24,Sugar ,385,0,0.0
2025-08-24,Sun Chips (30g),67,0,0.0
2025-08-24,Sunflower Seeds(Suf),5,0,0.0
2025-08-24,Sweet Potato,675,77,0.11407407407407408
2025-08-24,Taza Quick oats ,35,0,0.0
2025-08-24,Tomato,7718,2904,0.3762632806426535
2025-08-24,Tomato B,2484,309,0.12439613526570048
2025-08-24,Tomato Restaurant Quality ,1146,122,0.10645724258289703
2025-08-24,Tooth Brush ,47,0,0.0
2025-08-24,Vatika Almond Hair Oil ,10,0,0.0
2025-08-24,Vatika Coconut Hair Oil,20,0,0.0
2025-08-24,Vatika Lemon Shampoo,20,0,0.0
2025-08-24,Vatika Olive Hair Oil,5,0,0.0
2025-08-24,Victory Water ,7,0,0.0
2025-08-24,White cabbage,5523,850,0.1539018649284809
2025-08-24,Wush Wush Tea ,45,0,0.0
2025-08-24,Zion biscuit,31,0,0.0
2025-08-24,Zucchini,207,0,0.0
2025-08-31,AL-Hinan flour,912,0,0.0
2025-08-31,Ajax Soap,316,0,0.0
2025-08-31,Apple,158,0,0.0
2025-08-31,Avocado,5388,1275,0.2366369710467706
2025-08-31,B&B Baby Diaper,5,0,0.0
2025-08-31,Beetroot,1183,202,0.17075232459847844
2025-08-31,Beka ButterCups Fasting Biscut,20,0,0.0
2025-08-31,Beka Cinni Fasting Biscuit ,5,0,0.0
2025-08-31,Bravo Table Tissue,103,0,0.0
2025-08-31,Bravo Toilet Paper,38,0,0.0
2025-08-31,Buna Pen,77,0,0.0
2025-08-31,CK Powdered Soap ,11,0,0.0
2025-08-31,Carrot,3160,397,0.12563291139240507
2025-08-31,Cloud Window Cleaner,5,0,0.0
2025-08-31,Coffee Latte Cream Biscuit,13,0,0.0
2025-08-31,Corn ,5432,1499,0.2759572901325479
2025-08-31,Corn Starch ,169,0,0.0
2025-08-31,Cucumber,125,0,0.0
2025-08-31,Dabur Herbal Tooth Paste ,69,0,0.0
2025-08-31,Dachi Vinegar ,20,0,0.0
2025-08-31,Defo Package ,5,0,0.0
2025-08-31,Digis table salt,21,0,0.0
2025-08-31,Eggplant,276,49,0.17753623188405798
2025-08-31,Elbow Macaroni ,12,0,0.0
2025-08-31,Flax Seed ,5,0,0.0
2025-08-31,Foreign’s egg,48,0,0.0
2025-08-31,Fossolia,1722,0,0.0
2025-08-31,Garlic,877,0,0.0
2025-08-31,Garlic ,278,0,0.0
2025-08-31,Ginger,47,0,0.0
2025-08-31,Ginger ,517,33,0.06382978723404255
2025-08-31,Green Chili (ስታርታ),529,0,0.0
2025-08-31,Indomie Noodles (Large),70,0,0.0
2025-08-31,Ipas Anti-Bacterial Soap,50,0,0.0
2025-08-31,Ipen,136,0,0.0
2025-08-31,Juliet Biscuit ,5,0,0.0
2025-08-31,Knick Knack,12,0,0.0
2025-08-31,Kono beauty soap,56,0,0.0
2025-08-31,Kukulu package ,69,0,0.0
2025-08-31,Lemon,876,0,0.0
2025-08-31,Lentils (imported),174,0,0.0
2025-08-31,Lifebuoy 70g,113,0,0.0
2025-08-31,Loli chips (Paprika),10,0,0.0
2025-08-31,Lux 70g,66,0,0.0
2025-08-31,Mekelsha,117,0,0.0
2025-08-31,Mix Package,68,0,0.0
2025-08-31,Moon Strawberry Biscuit ,41,0,0.0
2025-08-31,Moya Biscuit,79,0,0.0
2025-08-31,NIB Chocolate Spread ,50,0,0.0
2025-08-31,Nigist Sanitary Pad,5,0,0.0
2025-08-31,Ok Macaroni 500g,23,0,0.0
2025-08-31,Orange Valencia,167,26,0.15568862275449102
2025-08-31,Papaya,1738,221,0.12715765247410818
2025-08-31,Pencil,92,0,0.0
2025-08-31,Pilled Red onion ,1476,0,0.0
2025-08-31,Pineapple,64,0,0.0
2025-08-31,Potato,20029,6351,0.31709021918218583
2025-08-31,Potato for Chips,2167,1826,0.8426395939086294
2025-08-31,Qulet package ,117,0,0.0
2025-08-31,Radical Exercise Book/ Pack ,12,0,0.0
2025-08-31,Raw Popcorn 500g,78,0,0.0
2025-08-31,Red Onion Elfora ,3135,474,0.15119617224880383
2025-08-31,Red onion ( ሃበሻ ),18257,5219,0.2858629566741524
2025-08-31,Safa Tomato Paste ,75,0,0.0
2025-08-31,Small Red Onion,1954,0,0.0
2025-08-31,Special Defo package ,5,0,0.0
2025-08-31,Special Kululu Package,42,0,0.0
2025-08-31,Special Mix package ,35,0,0.0
2025-08-31,Sugar ,25,0,0.0
2025-08-31,Sun Chips (30g),77,0,0.0
2025-08-31,Sweet Potato,2239,192,0.08575256811076373
2025-08-31,Taza Quick oats ,15,0,0.0
2025-08-31,Tomato,3643,798,0.21905023332418336
2025-08-31,Tomato B,2242,659,0.29393398751115074
2025-08-31,Tooth Brush ,29,0,0.0
2025-08-31,Vatika Coconut Hair Oil,11,0,0.0
2025-08-31,Vatika Lemon Shampoo,6,0,0.0
2025-08-31,Vatika Olive Hair Oil,5,0,0.0
2025-08-31,Victory Natural Water/Pack,3,0,0.0
2025-08-31,White cabbage,4310,822,0.19071925754060326
2025-08-31,Zucchini,192,22,0.11458333333333333
2025-08-31,victory purified natural water,6,0,0.0
2025-09-07,AL-Hinan flour,509,0,0.0
2025-09-07,Ajax Soap,137,0,0.0
2025-09-07,Apple,46,0,0.0
2025-09-07,Avocado,2657,475,0.17877305231464058
2025-09-07,Beetroot,449,96,0.21380846325167038
2025-09-07,Beka ButterCups Fasting Biscut,24,0,0.0
2025-09-07,Bravo Table Tissue,23,0,0.0
2025-09-07,Bravo Toilet Paper,33,0,0.0
2025-09-07,CK Laundry Soap,24,0,0.0
2025-09-07,CK Powdered Soap ,5,0,0.0
2025-09-07,Carrot,1894,453,0.2391763463569166
2025-09-07,Cloud Window Cleaner,5,0,0.0
2025-09-07,Coffee Latte Cream Biscuit,75,0,0.0
2025-09-07,Corn ,145,0,0.0
2025-09-07,Corn Starch ,24,0,0.0
2025-09-07,Cucumber,22,0,0.0
2025-09-07,Dabur Herbal Tooth Paste ,41,0,0.0
2025-09-07,Dachi Vinegar ,10,0,0.0
2025-09-07,Digis table salt,53,0,0.0
2025-09-07,EIIDE Exercise Book (12 pieces),10,0,0.0
2025-09-07,Eggplant,21,0,0.0
2025-09-07,Elbow Macaroni ,19,0,0.0
2025-09-07,Foreign’s egg,117,0,0.0
2025-09-07,Fossolia,774,0,0.0
2025-09-07,Garlic,922,0,0.0
2025-09-07,Garlic ,171,0,0.0
2025-09-07,Ginger,68,0,0.0
2025-09-07,Ginger ,299,12,0.04013377926421405
2025-09-07,Green Chili (ስታርታ),491,0,0.0
2025-09-07,Indomie Noodles (Large),22,0,0.0
2025-09-07,Ipas Anti-Bacterial Soap,15,0,0.0
2025-09-07,Ipen,40,0,0.0
2025-09-07,Knick Knack,5,0,0.0
2025-09-07,Kono beauty soap,30,0,0.0
2025-09-07,Kukulu package ,99,0,0.0
2025-09-07,Lemon,484,0,0.0
2025-09-07,Lentils (imported),110,0,0.0
2025-09-07,Lifebuoy 70g,102,0,0.0
2025-09-07,Loli chips (Paprika),33,0,0.0
2025-09-07,Lux 70g,10,0,0.0
2025-09-07,Mix Package,40,0,0.0
2025-09-07,Moon Coffee Biscuit ,15,0,0.0
2025-09-07,Moon Strawberry Biscuit ,28,0,0.0
2025-09-07,Moon Vanilla Biscuit ,15,0,0.0
2025-09-07,Moya Biscuit,154,0,0.0
2025-09-07,NIB Chocolate Spread ,70,0,0.0
2025-09-07,Nigist Sanitary Pad,19,0,0.0
2025-09-07,Ok Macaroni 500g,11,0,0.0
2025-09-07,Orange Valencia,201,19,0.0945273631840796
2025-09-07,Papaya,587,12,0.020442930153321975
2025-09-07,Pilled Red onion ,785,0,0.0
2025-09-07,Pineapple,5,0,0.0
2025-09-07,Potato,10844,4399,0.4056621172998893
2025-09-07,Potato for Chips,1012,765,0.7559288537549407
2025-09-07,Qulet package ,59,0,0.0
2025-09-07,Radical Exercise Book/ Pack ,2,0,0.0
2025-09-07,Red Onion Elfora ,1251,129,0.10311750599520383
2025-09-07,Red onion ( ሃበሻ ),17902,6498,0.3629762037761144
2025-09-07,Safa Tomato Paste ,5,0,0.0
2025-09-07,Safa Tomato Paste 400g,10,0,0.0
2025-09-07,Small Red Onion,1573,0,0.0
2025-09-07,Special Kululu Package,70,0,0.0
2025-09-07,Special Mix package ,20,0,0.0
2025-09-07,Special qulet package ,15,0,0.0
2025-09-07,Sun Chips (30g),73,0,0.0
2025-09-07,Sweet Potato,511,10,0.019569471624266144
2025-09-07,Taza Quick oats ,10,0,0.0
2025-09-07,Theday Strawberry Jam,10,0,0.0
2025-09-07,Tomato,4990,2062,0.4132264529058116
2025-09-07,Tomato B,677,514,0.7592319054652881
2025-09-07,Tooth Brush ,31,0,0.0
2025-09-07,Vatika Almond Hair Oil ,15,0,0.0
2025-09-07,Vatika Coconut Hair Oil,10,0,0.0
2025-09-07,Vatika Lemon Shampoo,31,0,0.0
2025-09-07,Vatika Olive Hair Oil,15,0,0.0
2025-09-07,White cabbage,2190,578,0.2639269406392694
2025-09-07,Zucchini,50,0,0.0
2025-09-14,AL-Hinan flour,1269,0,0.0
2025-09-14,Afro EIIDE Exercise Book ,36,0,0.0
2025-09-14,Ajax Soap,125,0,0.0
2025-09-14,Apple,15,0,0.0
2025-09-14,Ater Kik,61,0,0.0
2025-09-14,Avocado,2268,284,0.12522045855379188
2025-09-14,B&B Baby Diaper,5,0,0.0
2025-09-14,Beetroot,1151,172,0.14943527367506515
2025-09-14,Beka ButterCups Fasting Biscut,12,0,0.0
2025-09-14,Bravo Table Tissue,49,0,0.0
2025-09-14,Bravo Toilet Paper,22,0,0.0
2025-09-14,Butter ,63,0,0.0
2025-09-14,CK Laundry Soap,133,0,0.0
2025-09-14,CK Powdered Soap ,20,0,0.0
2025-09-14,Carrot,4287,711,0.16585024492652203
2025-09-14,Cerifam Fruit ,5,0,0.0
2025-09-14,Cerifam Vegetable ,10,0,0.0
2025-09-14,Cheese 500g,10,0,0.0
2025-09-14,Cloud Window Cleaner,5,0,0.0
2025-09-14,Coffee Latte Cream Biscuit,35,0,0.0
2025-09-14,Corn ,522,125,0.23946360153256704
2025-09-14,Corn Starch ,123,0,0.0
2025-09-14,Cucumber,248,20,0.08064516129032258
2025-09-14,Dabur Herbal Tooth Paste ,97,0,0.0
2025-09-14,Dachi Ketchup ,17,0,0.0
2025-09-14,Dachi Vinegar ,13,0,0.0
2025-09-14,Dania Basmati Rice ,6,0,0.0
2025-09-14,Digis table salt,44,0,0.0
2025-09-14,Eggplant,10,0,0.0
2025-09-14,Elbow Macaroni ,35,0,0.0
2025-09-14,Flax Seed ,15,0,0.0
2025-09-14,Foreign’s egg,51,0,0.0
2025-09-14,Fossolia,2136,0,0.0
2025-09-14,Garlic,573,0,0.0
2025-09-14,Garlic ,141,0,0.0
2025-09-14,Ginger,60,0,0.0
2025-09-14,Ginger ,384,12,0.03125
2025-09-14,Green Chili (ስታርታ),496,0,0.0
2025-09-14,Habesha Chicken ,70,0,0.0
2025-09-14,Indomie Noodles (Large),94,0,0.0
2025-09-14,Ipas Anti-Bacterial Soap,31,0,0.0
2025-09-14,Ipen,5,0,0.0
2025-09-14,Knick Knack,31,0,0.0
2025-09-14,Kono beauty soap,62,0,0.0
2025-09-14,Lemon,550,0,0.0
2025-09-14,Lentils (imported),145,0,0.0
2025-09-14,Lifebuoy 70g,30,0,0.0
2025-09-14,Loli chips (Paprika),12,0,0.0
2025-09-14,Lux 70g,5,0,0.0
2025-09-14,Mekelsha,143,0,0.0
2025-09-14,Moon Coffee Biscuit ,48,0,0.0
2025-09-14,Moon Strawberry Biscuit ,21,0,0.0
2025-09-14,Moon Vanilla Biscuit ,73,0,0.0
2025-09-14,Moya Biscuit,126,0,0.0
2025-09-14,NIB Chocolate Spread ,10,0,0.0
2025-09-14,Nigist Sanitary Pad,36,0,0.0
2025-09-14,Ok Macaroni 500g,35,0,0.0
2025-09-14,Orange Valencia,170,16,0.09411764705882353
2025-09-14,Original Vaseline Coco Radiant 200ml,5,0,0.0
2025-09-14,Original Vaseline Dry Skin Repair 200ml,10,0,0.0
2025-09-14,Papaya,1495,163,0.10903010033444815
2025-09-14,Pencil,29,0,0.0
2025-09-14,Pilled Red onion ,566,0,0.0
2025-09-14,Potato,23054,10540,0.45718747288973716
2025-09-14,Potato for Chips,1712,1170,0.6834112149532711
2025-09-14,Pure Iodized Salt ,40,0,0.0
2025-09-14,Red Onion Elfora ,430,51,0.1186046511627907
2025-09-14,Red onion ( ሃበሻ ),26929,10014,0.37186676074120834
2025-09-14,Rice ,141,0,0.0
2025-09-14,Rosa Pasta ,370,0,0.0
2025-09-14,Small Red Onion,508,0,0.0
2025-09-14,Sun Chips (30g),120,0,0.0
2025-09-14,Sweet Potato,4300,581,0.13511627906976745
2025-09-14,Taza Quick oats ,5,0,0.0
2025-09-14,Tomato,8366,2625,0.31377002151565864
2025-09-14,Tooth Brush ,29,0,0.0
2025-09-14,Vatika Almond Hair Oil ,5,0,0.0
2025-09-14,Vatika Coconut Hair Oil,10,0,0.0
2025-09-14,Vatika Olive Hair Oil,10,0,0.0
2025-09-14,Victory Natural Water/Pack,9,0,0.0
2025-09-14,White cabbage,4656,973,0.20897766323024056
2025-09-14,Zucchini,297,35,0.11784511784511785
2025-09-14,victory purified natural water,6,0,0.0
2025-09-21,AL-Hinan flour,649,0,0.0
2025-09-21,Addis Tea Bag ,10,0,0.0
2025-09-21,Afro EIIDE Exercise Book ,5,0,0.0
2025-09-21,Ajax Soap,10,0,0.0
2025-09-21,Apple,62,0,0.0
2025-09-21,Ater Kik,92,0,0.0
2025-09-21,Avocado,3474,620,0.178468624064479
2025-09-21,Beetroot,1331,222,0.16679188580015025
2025-09-21,Beka ButterCups Fasting Biscut,86,0,0.0
2025-09-21,Beka Cinni Fasting Biscuit ,20,0,0.0
2025-09-21,Bravo Table Tissue,19,0,0.0
2025-09-21,Bravo Toilet Paper,10,0,0.0
2025-09-21,Butter ,82,0,0.0
2025-09-21,CK Laundry Soap,10,0,0.0
2025-09-21,CK Powdered Soap ,18,0,0.0
2025-09-21,Carrot,2689,363,0.13499442171811082
2025-09-21,Cerifam Fruit ,5,0,0.0
2025-09-21,Cerifam Vegetable ,10,0,0.0
2025-09-21,Coffee Latte Cream Biscuit,30,0,0.0
2025-09-21,Corn ,1143,157,0.1373578302712161
2025-09-21,Corn Starch ,108,0,0.0
2025-09-21,Cucumber,298,0,0.0
2025-09-21,Dabur Herbal Tooth Paste ,50,0,0.0
2025-09-21,Dania Basmati Rice ,21,0,0.0
2025-09-21,Digis table salt,43,0,0.0
2025-09-21,Eggplant,77,0,0.0
2025-09-21,Elbow Macaroni ,10,0,0.0
2025-09-21,Foreign’s egg,111,0,0.0
2025-09-21,Fossolia,2544,0,0.0
2025-09-21,Garlic,1355,0,0.0
2025-09-21,Garlic ,135,0,0.0
2025-09-21,Ginger,40,0,0.0
2025-09-21,Ginger ,687,79,0.11499272197962154
2025-09-21,Green Chili (ስታርታ),917,0,0.0
2025-09-21,Habesha Chicken ,81,0,0.0
2025-09-21,Indomie Noodles (Large),80,0,0.0
2025-09-21,Ipas Anti-Bacterial Soap,14,0,0.0
2025-09-21,Juliet Biscuit ,10,0,0.0
2025-09-21,Knick Knack,20,0,0.0
2025-09-21,Kono beauty soap,25,0,0.0
2025-09-21,Lemon,737,0,0.0
2025-09-21,Lentils (imported),110,0,0.0
2025-09-21,Lifebuoy 70g,55,0,0.0
2025-09-21,Loli chips (Paprika),10,0,0.0
2025-09-21,Lux 70g,45,0,0.0
2025-09-21,Mekelsha,57,0,0.0
2025-09-21,Moon Coffee Biscuit ,36,0,0.0
2025-09-21,Moon Strawberry Biscuit ,5,0,0.0
2025-09-21,Moon Vanilla Biscuit ,5,0,0.0
2025-09-21,Nigist Sanitary Pad,25,0,0.0
2025-09-21,Ok Macaroni 500g,110,0,0.0
2025-09-21,Omaar Pure Vegetable Ghee ,5,0,0.0
2025-09-21,Orange Valencia,172,47,0.27325581395348836
2025-09-21,Original Vaseline Coco Radiant 200ml,10,0,0.0
2025-09-21,Original Vaseline Dry Skin Repair 200ml,10,0,0.0
2025-09-21,Papaya,894,24,0.026845637583892617
2025-09-21,Pilled Red onion ,1188,0,0.0
2025-09-21,Potato,23602,12230,0.5181764257266334
2025-09-21,Potato for Chips,1634,1060,0.6487148102815178
2025-09-21,Pure Iodized Salt ,33,0,0.0
2025-09-21,Red Onion A,270,83,0.3074074074074074
2025-09-21,Red Onion Elfora ,1556,133,0.08547557840616966
2025-09-21,Red onion ( ሃበሻ ),19103,7829,0.4098309166099566
2025-09-21,Rice ,48,0,0.0
2025-09-21,Rosa Pasta ,195,0,0.0
2025-09-21,Safa Tomato Paste 400g,5,0,0.0
2025-09-21,Small Red Onion,2124,0,0.0
2025-09-21,Special Defo package ,5,0,0.0
2025-09-21,Sun Chips (30g),49,0,0.0
2025-09-21,Sweet Potato,96,0,0.0
2025-09-21,Theday Strawberry Jam,5,0,0.0
2025-09-21,Tomato,7817,2641,0.3378533964436485
2025-09-21,Tooth Brush ,18,0,0.0
2025-09-21,Vatika Almond Hair Oil ,5,0,0.0
2025-09-21,Vatika Coconut Hair Oil,30,0,0.0
2025-09-21,Vatika Lemon Shampoo,10,0,0.0
2025-09-21,Vatika Olive Hair Oil,21,0,0.0
2025-09-21,Victory Natural Water/Pack,5,0,0.0
2025-09-21,White cabbage,5545,1476,0.26618575293056806
2025-09-21,Wush Wush Tea ,354,0,0.0
2025-09-21,Zucchini,330,0,0.0
2025-09-28,AL-Hinan flour,588,0,0.0
2025-09-28,Addis Tea Bag ,50,0,0.0
2025-09-28,Afro EIIDE Exercise Book ,40,0,0.0
2025-09-28,Ajax Soap,105,0,0.0
2025-09-28,Apple,98,5,0.05102040816326531
2025-09-28,Ater Kik,45,0,0.0
2025-09-28,Avocado,5179,867,0.16740683529638928
2025-09-28,Beetroot,1668,285,0.17086330935251798
2025-09-28,Beka ButterCups Fasting Biscut,36,0,0.0
2025-09-28,Beka Cinni Fasting Biscuit ,21,0,0.0
2025-09-28,Bravo Table Tissue,65,0,0.0
2025-09-28,Bravo Toilet Paper,74,0,0.0
2025-09-28,Butter ,43,0,0.0
2025-09-28,CK Laundry Soap,245,0,0.0
2025-09-28,CK Powdered Soap ,10,0,0.0
2025-09-28,Carrot,2566,407,0.15861262665627435
2025-09-28,Coffee Latte Cream Biscuit,50,0,0.0
2025-09-28,Corn Starch ,20,0,0.0
2025-09-28,Cucumber,291,12,0.041237113402061855
2025-09-28,Dabur Herbal Tooth Paste ,133,0,0.0
2025-09-28,Dachi Vinegar ,20,0,0.0
2025-09-28,Dania Basmati Rice ,27,0,0.0
2025-09-28,Defo Package ,5,0,0.0
2025-09-28,Eggplant,113,0,0.0
2025-09-28,Elbow Macaroni ,18,0,0.0
2025-09-28,Foreign’s egg,10,0,0.0
2025-09-28,Fossolia,1956,0,0.0
2025-09-28,Garlic,1189,0,0.0
2025-09-28,Garlic ,140,0,0.0
2025-09-28,Ginger,60,14,0.23333333333333334
2025-09-28,Ginger ,415,44,0.10602409638554217
2025-09-28,Green Chili (ስታርታ),842,0,0.0
2025-09-28,Habesha Chicken ,27,0,0.0
2025-09-28,Indomie Noodles (Large),94,0,0.0
2025-09-28,Ipas Anti-Bacterial Soap,138,0,0.0
2025-09-28,Juliet Biscuit ,10,0,0.0
2025-09-28,Knick Knack,13,0,0.0
2025-09-28,Kono beauty soap,114,0,0.0
2025-09-28,Lemon,787,0,0.0
2025-09-28,Lentils (imported),85,0,0.0
2025-09-28,Lifebuoy 70g,94,0,0.0
2025-09-28,Loli chips (Paprika),57,0,0.0
2025-09-28,Lux 70g,35,0,0.0
2025-09-28,Mekelsha,128,0,0.0
2025-09-28,Moon Coffee Biscuit ,58,0,0.0
2025-09-28,Moon Strawberry Biscuit ,43,0,0.0
2025-09-28,Moon Vanilla Biscuit ,18,0,0.0
2025-09-28,Moya Biscuit,20,0,0.0
2025-09-28,Nigist Sanitary Pad,20,0,0.0
2025-09-28,Ok Macaroni 500g,25,0,0.0
2025-09-28,Orange Valencia,213,20,0.09389671361502347
2025-09-28,Original Vaseline Coco Radiant 200ml,35,0,0.0
2025-09-28,Papaya,3264,259,0.07935049019607843
2025-09-28,Pilled Red onion ,675,0,0.0
2025-09-28,Potato,23740,10874,0.45804549283909013
2025-09-28,Potato for Chips,1524,950,0.6233595800524935
2025-09-28,Pure Iodized Salt ,27,0,0.0
2025-09-28,Qulet package ,3,0,0.0
2025-09-28,Raw Popcorn 500g,66,0,0.0
2025-09-28,Red Onion A,5553,1453,0.261660363767333
2025-09-28,Red Onion Elfora ,818,50,0.061124694376528114
2025-09-28,Red Onion Qelafo,61,30,0.4918032786885246
2025-09-28,Red onion ( ሃበሻ ),15288,5235,0.342425431711146
2025-09-28,Rice ,85,0,0.0
2025-09-28,Rosa Pasta ,1064,0,0.0
2025-09-28,Small Red Onion,1775,0,0.0
2025-09-28,Special Defo package ,10,0,0.0
2025-09-28,Sun Chips (30g),67,0,0.0
2025-09-28,Sweet Potato,2298,596,0.25935596170583114
2025-09-28,Tomato,8558,2744,0.32063566253797615
2025-09-28,Tooth Brush ,20,0,0.0
2025-09-28,Vatika Almond Hair Oil ,5,0,0.0
2025-09-28,Vatika Coconut Hair Oil,10,0,0.0
2025-09-28,Vatika Lemon Shampoo,10,0,0.0
2025-09-28,Vatika Olive Hair Oil,5,0,0.0
2025-09-28,Victory Water ,41,0,0.0
2025-09-28,White cabbage,4374,1351,0.3088705989940558
2025-09-28,Wush Wush Tea ,120,0,0.0
2025-09-28,Zucchini,84,0,0.0
2025-09-28,victory purified natural water,30,0,0.0
2025-10-05,AL-Hinan flour,1710,146,0.08538011695906433
2025-10-05,Addis Tea Bag ,15,0,0.0
2025-10-05,Ajax Soap,49,0,0.0
2025-10-05,Apple,43,0,0.0
2025-10-05,Avocado,4407,1016,0.23054231903789427
2025-10-05,Beetroot,4043,801,0.19812020776651001
2025-10-05,Beka ButterCups Fasting Biscut,10,0,0.0
2025-10-05,Bravo Table Tissue,86,0,0.0
2025-10-05,Bravo Toilet Paper,57,0,0.0
2025-10-05,Butter ,149,0,0.0
2025-10-05,CK Laundry Soap,120,0,0.0
2025-10-05,CK Powdered Soap ,41,0,0.0
2025-10-05,CK Powdered Soap (40g),202,0,0.0
2025-10-05,Carrot,3282,609,0.18555758683729434
2025-10-05,Coffee Latte Cream Biscuit,5,0,0.0
2025-10-05,Corn Starch ,25,0,0.0
2025-10-05,Cucumber,322,0,0.0
2025-10-05,Dabur Herbal Tooth Paste ,63,0,0.0
2025-10-05,Dachi Ketchup ,16,0,0.0
2025-10-05,Dachi Vinegar ,11,0,0.0
2025-10-05,Dania Basmati Rice ,15,0,0.0
2025-10-05,Defo Package ,5,0,0.0
2025-10-05,Digis table salt,82,0,0.0
2025-10-05,Eggplant,94,0,0.0
2025-10-05,Foreign’s egg,29,0,0.0
2025-10-05,Fossolia,1364,0,0.0
2025-10-05,Garlic,940,0,0.0
2025-10-05,Garlic ,267,12,0.0449438202247191
2025-10-05,Ginger,100,0,0.0
2025-10-05,Ginger ,592,12,0.02027027027027027
2025-10-05,Green Chili (ስታርታ),971,0,0.0
2025-10-05,Habesha Chicken ,31,0,0.0
2025-10-05,Indomie Noodles (Large),39,0,0.0
2025-10-05,Ipas Anti-Bacterial Soap,42,0,0.0
2025-10-05,Juliet Biscuit ,12,0,0.0
2025-10-05,Knick Knack,5,0,0.0
2025-10-05,Kono beauty soap,335,0,0.0
2025-10-05,Lemon,665,0,0.0
2025-10-05,Lifebuoy 70g,119,0,0.0
2025-10-05,Loli Chips Ketchup Flavor ,26,0,0.0
2025-10-05,Lux 70g,139,0,0.0
2025-10-05,Macaroni ,172,0,0.0
2025-10-05,Mekelsha,182,0,0.0
2025-10-05,Moon Coffee Biscuit ,22,0,0.0
2025-10-05,Moon Strawberry Biscuit ,29,0,0.0
2025-10-05,Moon Vanilla Biscuit ,30,0,0.0
2025-10-05,Moya Biscuit,116,0,0.0
2025-10-05,Nigist Sanitary Pad,16,0,0.0
2025-10-05,Ok Macaroni 500g,35,0,0.0
2025-10-05,Orange Valencia,205,62,0.3024390243902439
2025-10-05,Papaya,2898,192,0.06625258799171843
2025-10-05,Pilled Red onion ,741,0,0.0
2025-10-05,Potato,24982,12326,0.4933952445760948
2025-10-05,Potato for Chips,1744,1065,0.6106651376146789
2025-10-05,Pure Iodized Salt ,40,0,0.0
2025-10-05,Raw Popcorn 500g,82,0,0.0
2025-10-05,Red Onion A,194,0,0.0
2025-10-05,Red Onion Elfora ,319,0,0.0
2025-10-05,Red Onion Qelafo,3210,583,0.18161993769470405
2025-10-05,Red onion ( ሃበሻ ),11786,2374,0.20142541998981842
2025-10-05,Rice ,5,0,0.0
2025-10-05,Rosa Pasta ,1008,0,0.0
2025-10-05,Small Red Onion,2371,144,0.060733867566427666
2025-10-05,Special Defo package ,5,0,0.0
2025-10-05,Sun Chips (30g),19,0,0.0
2025-10-05,Sweet Potato,4163,672,0.1614220514052366
2025-10-05,Tomato,9266,2867,0.3094107489747464
2025-10-05,Tooth Brush ,5,0,0.0
2025-10-05,Vatika Almond Hair Oil ,10,0,0.0
2025-10-05,Vatika Lemon Shampoo,20,0,0.0
2025-10-05,Vatika Olive Hair Oil,5,0,0.0
2025-10-05,Victory Natural Water/Pack,3,0,0.0
2025-10-05,Victory Water ,16,0,0.0
2025-10-05,White cabbage,5913,1715,0.2900388973448334
2025-10-05,Wush Wush Tea ,145,0,0.0
2025-10-05,Zucchini,43,0,0.0
2025-10-12,AL-Hinan flour,718,181,0.2520891364902507
2025-10-12,AMG Coffee (Grinded),5,0,0.0
2025-10-12,Afro EIIDE Exercise Book ,15,0,0.0
2025-10-12,Ajax Soap,105,0,0.0
2025-10-12,Apple,77,0,0.0
2025-10-12,Ater Kik,28,0,0.0
2025-10-12,Avocado,3719,977,0.2627050282333961
2025-10-12,B&B Baby Diaper,5,0,0.0
2025-10-12,Beetroot,1763,234,0.13272830402722632
2025-10-12,Bravo Table Tissue,110,0,0.0
2025-10-12,Bravo Toilet Paper,40,0,0.0
2025-10-12,Butter ,19,0,0.0
2025-10-12,CK Laundry Soap,110,0,0.0
2025-10-12,CK Powdered Soap (40g),50,0,0.0
2025-10-12,Carrot,1106,135,0.1220614828209765
2025-10-12,Cerifam Vegetable ,10,0,0.0
2025-10-12,Cloud Window Cleaner,10,0,0.0
2025-10-12,Coffee Latte Cream Biscuit,20,0,0.0
2025-10-12,Corn Starch ,84,0,0.0
2025-10-12,Cucumber,76,12,0.15789473684210525
2025-10-12,Dania Basmati Rice ,15,0,0.0
2025-10-12,Digis table salt,30,0,0.0
2025-10-12,Eggplant,42,0,0.0
2025-10-12,Elbow Macaroni ,12,0,0.0
2025-10-12,Foreign’s egg,15,0,0.0
2025-10-12,Fossolia,1196,0,0.0
2025-10-12,Garlic,886,48,0.05417607223476298
2025-10-12,Garlic ,173,12,0.06936416184971098
2025-10-12,Ginger,50,0,0.0
2025-10-12,Ginger ,825,27,0.03272727272727273
2025-10-12,Green Chili (ስታርታ),615,0,0.0
2025-10-12,Habesha Chicken ,21,0,0.0
2025-10-12,Indomie Noodles (Large),165,0,0.0
2025-10-12,Ipas Anti-Bacterial Soap,5,0,0.0
2025-10-12,Juliet Biscuit ,50,0,0.0
2025-10-12,Kono beauty soap,30,0,0.0
2025-10-12,Lemon,521,0,0.0
2025-10-12,Lifebuoy 70g,144,0,0.0
2025-10-12,Loli Chips Ketchup Flavor ,15,0,0.0
2025-10-12,Lux 70g,84,0,0.0
2025-10-12,Macaroni ,66,0,0.0
2025-10-12,Moon Coffee Biscuit ,10,0,0.0
2025-10-12,Moon Vanilla Biscuit ,10,0,0.0
2025-10-12,Moya Biscuit,82,0,0.0
2025-10-12,Ok Macaroni 500g,61,0,0.0
2025-10-12,Orange Valencia,19,0,0.0
2025-10-12,Papaya,1892,358,0.18921775898520085
2025-10-12,Pilled Red onion ,702,0,0.0
2025-10-12,Potato,17167,7802,0.4544766121046193
2025-10-12,Potato for Chips,1824,1271,0.6968201754385965
2025-10-12,Pure Iodized Salt ,37,0,0.0
2025-10-12,Raw Popcorn 500g,40,0,0.0
2025-10-12,Red Onion Elfora ,1273,70,0.05498821681068342
2025-10-12,Red Onion Qelafo,840,0,0.0
2025-10-12,Red onion ( ሃበሻ ),12255,2012,0.16417788657690738
2025-10-12,Rice ,86,0,0.0
2025-10-12,Rosa Pasta ,393,23,0.058524173027989825
2025-10-12,Small Red Onion,1427,105,0.07358093903293624
2025-10-12,Special Defo package ,5,0,0.0
2025-10-12,Sun Chips (30g),20,0,0.0
2025-10-12,Sweet Potato,3985,445,0.11166875784190715
2025-10-12,Taza Quick oats ,5,0,0.0
2025-10-12,Tomato,7300,1149,0.1573972602739726
2025-10-12,Tooth Brush ,40,0,0.0
2025-10-12,Vatika Almond Hair Oil ,20,0,0.0
2025-10-12,Vatika Coconut Hair Oil,60,0,0.0
2025-10-12,Vatika Lemon Shampoo,20,0,0.0
2025-10-12,Victory Natural Water/Pack,11,0,0.0
2025-10-12,White cabbage,4792,1482,0.30926544240400666
2025-10-12,Wush Wush Tea ,75,0,0.0
2025-10-12,Zucchini,20,0,0.0
2025-10-12,victory purified natural water,18,0,0.0
2025-10-19,AL-Hinan flour,861,110,0.12775842044134728
2025-10-19,AMG Coffee (Grinded),40,0,0.0
2025-10-19,Afro EIIDE Exercise Book ,5,0,0.0
2025-10-19,Ajax Soap,93,0,0.0
2025-10-19,Apple,74,0,0.0
2025-10-19,Ater Kik,87,0,0.0
2025-10-19,Avocado,2795,779,0.2787119856887299
2025-10-19,Beetroot,2244,387,0.17245989304812834
2025-10-19,Beka ButterCups Fasting Biscut,80,0,0.0
2025-10-19,Bravo Table Tissue,107,0,0.0
2025-10-19,Bravo Toilet Paper,64,0,0.0
2025-10-19,Butter ,35,0,0.0
2025-10-19,CK Laundry Soap,75,0,0.0
2025-10-19,CK Powdered Soap (40g),35,0,0.0
2025-10-19,Carrot,4698,622,0.13239676458067262
2025-10-19,Coffee Latte Cream Biscuit,5,0,0.0
2025-10-19,Corn Starch ,30,0,0.0
2025-10-19,Cucumber,211,10,0.04739336492890995
2025-10-19,Dachi Ketchup ,5,0,0.0
2025-10-19,Dachi Vinegar ,24,0,0.0
2025-10-19,Dania Basmati Rice ,12,0,0.0
2025-10-19,Eggplant,46,0,0.0
2025-10-19,Foreign’s egg,20,0,0.0
2025-10-19,Fossolia,1058,0,0.0
2025-10-19,Garlic,1730,36,0.020809248554913295
2025-10-19,Garlic ,419,48,0.11455847255369929
2025-10-19,Ginger,98,0,0.0
2025-10-19,Ginger ,904,132,0.14601769911504425
2025-10-19,Green Chili (ስታርታ),599,0,0.0
2025-10-19,Habesha Chicken ,20,0,0.0
2025-10-19,Indomie Noodles (Large),92,0,0.0
2025-10-19,Ipas Anti-Bacterial Soap,42,0,0.0
2025-10-19,Juliet Biscuit ,62,0,0.0
2025-10-19,Kono beauty soap,134,0,0.0
2025-10-19,Lemon,519,0,0.0
2025-10-19,Lifebuoy 70g,147,0,0.0
2025-10-19,Lux 70g,78,0,0.0
2025-10-19,Macaroni ,50,0,0.0
2025-10-19,Mekelsha,69,0,0.0
2025-10-19,Moon Coffee Biscuit ,10,0,0.0
2025-10-19,Moon Strawberry Biscuit ,40,0,0.0
2025-10-19,Moon Vanilla Biscuit ,15,0,0.0
2025-10-19,Moya Biscuit,253,0,0.0
2025-10-19,Ok Macaroni 500g,45,0,0.0
2025-10-19,Orange Valencia,213,48,0.22535211267605634
2025-10-19,Original Vaseline Dry Skin Repair 200ml,20,0,0.0
2025-10-19,Papaya,2494,283,0.11347233360064155
2025-10-19,Pilled Red onion ,348,0,0.0
2025-10-19,Potato,22662,9880,0.4359721119053923
2025-10-19,Potato for Chips,1672,1120,0.6698564593301436
2025-10-19,Pure Iodized Salt ,10,0,0.0
2025-10-19,Raw Popcorn 500g,40,0,0.0
2025-10-19,Red Onion Elfora ,1285,35,0.027237354085603113
2025-10-19,Red Onion Qelafo,662,30,0.045317220543806644
2025-10-19,Red onion ( ሃበሻ ),10844,2866,0.26429361859092587
2025-10-19,Rice ,88,48,0.5454545454545454
2025-10-19,Rosa Pasta ,694,0,0.0
2025-10-19,Small Red Onion,1310,324,0.24732824427480915
2025-10-19,Sun Chips (30g),47,0,0.0
2025-10-19,Sweet Potato,2122,307,0.14467483506126297
2025-10-19,Taza Quick oats ,10,0,0.0
2025-10-19,Tomato,6598,1664,0.2521976356471658
2025-10-19,Tooth Brush ,20,0,0.0
2025-10-19,Vatika Coconut Hair Oil,10,0,0.0
2025-10-19,Vatika Olive Hair Oil,11,0,0.0
2025-10-19,Victory Natural Water/Pack,3,0,0.0
2025-10-19,White cabbage,3482,1074,0.3084434233199311
2025-10-19,Wush Wush Tea ,125,0,0.0
2025-10-19,Yummy Crunchy & Raisins ,10,0,0.0
2025-10-19,Zucchini,183,0,0.0
2025-10-26,AMG Coffee (Grinded),5,0,0.0
2025-10-26,Ajax Soap,121,0,0.0
2025-10-26,Apple,5,0,0.0
2025-10-26,Ater Kik,71,0,0.0
2025-10-26,Avocado,1634,539,0.3298653610771114
2025-10-26,Beetroot,1744,406,0.23279816513761467
2025-10-26,Beka ButterCups Fasting Biscut,50,0,0.0
2025-10-26,Beka Cinni Fasting Biscuit ,37,0,0.0
2025-10-26,Black Lion Tea (80g),197,26,0.1319796954314721
2025-10-26,Bravo Table Tissue,17,0,0.0
2025-10-26,Bravo Toilet Paper,6,0,0.0
2025-10-26,Butter ,20,0,0.0
2025-10-26,CK Laundry Soap,20,0,0.0
2025-10-26,Carrot,2444,569,0.2328150572831424
2025-10-26,Corn Starch ,86,0,0.0
2025-10-26,Crown Powder Detergent (180gm),92,0,0.0
2025-10-26,Crown Powder Detergent (30g),61,0,0.0
2025-10-26,Cucumber,167,0,0.0
2025-10-26,Dabur Herbal Tooth Paste ,32,0,0.0
2025-10-26,Dachi Ketchup ,15,0,0.0
2025-10-26,Dania Basmati Rice ,3,0,0.0
2025-10-26,Defo Package ,5,0,0.0
2025-10-26,Diana Orange Toilet Soap (80gm),47,0,0.0
2025-10-26,Eggplant,30,0,0.0
2025-10-26,Fossolia,929,0,0.0
2025-10-26,Garlic,790,66,0.08354430379746836
2025-10-26,Garlic ,192,58,0.3020833333333333
2025-10-26,Ginger,32,0,0.0
2025-10-26,Ginger ,691,76,0.10998552821997105
2025-10-26,Green Chili (ስታርታ),571,0,0.0
2025-10-26,Habesha Chicken ,10,0,0.0
2025-10-26,Indomie Noodles (Large),70,0,0.0
2025-10-26,Ipas Anti-Bacterial Soap,10,0,0.0
2025-10-26,Juliet Biscuit ,40,0,0.0
2025-10-26,Kono beauty soap,59,0,0.0
2025-10-26,Lemon,407,0,0.0
2025-10-26,Lentils (imported),321,0,0.0
2025-10-26,Lifebuoy 70g,42,0,0.0
2025-10-26,Loli Chips Ketchup Flavor ,43,0,0.0
2025-10-26,Lux 70g,32,0,0.0
2025-10-26,Macaroni ,53,0,0.0
2025-10-26,Mekelsha,19,0,0.0
2025-10-26,Moon Coffee Biscuit ,47,0,0.0
2025-10-26,Moon Strawberry Biscuit ,10,0,0.0
2025-10-26,Moon Vanilla Biscuit ,5,0,0.0
2025-10-26,Moya Biscuit,160,0,0.0
2025-10-26,My Kishen Mekelesha (2g),649,76,0.11710323574730354
2025-10-26,NIB Chocolate Bar,5,0,0.0
2025-10-26,Ok Macaroni 500g,16,0,0.0
2025-10-26,Orange Valencia,214,60,0.2803738317757009
2025-10-26,Original Vaseline Dry Skin Repair 200ml,5,0,0.0
2025-10-26,Papaya,872,346,0.3967889908256881
2025-10-26,Pilled Red onion ,570,0,0.0
2025-10-26,Potato,12133,4941,0.4072364625401797
2025-10-26,Potato for Chips,1496,1242,0.8302139037433155
2025-10-26,Pure Iodized Salt ,36,0,0.0
2025-10-26,Raw Popcorn 500g,20,0,0.0
2025-10-26,Red Onion Elfora ,178,0,0.0
2025-10-26,Red Onion Qelafo,340,0,0.0
2025-10-26,Red onion ( ሃበሻ ),11385,3280,0.28809837505489677
2025-10-26,Rice ,105,0,0.0
2025-10-26,Rosa Pasta ,516,0,0.0
2025-10-26,Rose Laundry Soap (250g),90,0,0.0
2025-10-26,Simba Tea Bag,17,0,0.0
2025-10-26,Simba Tea Bag (Thyme),10,0,0.0
2025-10-26,Simba Tomato Paste ,232,13,0.05603448275862069
2025-10-26,Small Red Onion,514,15,0.029182879377431907
2025-10-26,Sun Chips (30g),37,0,0.0
2025-10-26,Sunsilk Shampoo 350ml,10,0,0.0
2025-10-26,Sweet Potato,1456,358,0.24587912087912087
2025-10-26,Tomato,3686,1137,0.30846446011937056
2025-10-26,Tooth Brush ,15,0,0.0
2025-10-26,Vatika Almond Hair Oil ,5,0,0.0
2025-10-26,Vatika Hail Oil (Black Seed) ,32,0,0.0
2025-10-26,Vatika Hairl Oil (Garlic),22,0,0.0
2025-10-26,Vatika Lemon Shampoo,10,0,0.0
2025-10-26,Victory Natural Water/Pack,10,0,0.0
2025-10-26,White cabbage,2836,979,0.34520451339915376
2025-10-26,Wush Wush Tea ,71,0,0.0
2025-10-26,Zucchini,85,0,0.0
2025-10-26,victory purified natural water,6,0,0.0
2025-11-02,AL-Hinan flour,80,0,0.0
2025-11-02,AMG Coffee (Grinded),5,0,0.0
2025-11-02,Ajax Soap,100,0,0.0
2025-11-02,Apple,25,0,0.0
2025-11-02,Ater Kik,120,0,0.0
2025-11-02,Avocado,1236,395,0.31957928802589
2025-11-02,Beetroot,1916,233,0.12160751565762004
2025-11-02,Black Lion Tea (80g),83,0,0.0
2025-11-02,Bravo Table Tissue,13,0,0.0
2025-11-02,Butter ,15,0,0.0
2025-11-02,Carrot,1086,150,0.13812154696132597
2025-11-02,Cloud Window Cleaner,5,0,0.0
2025-11-02,Corn Starch ,123,0,0.0
2025-11-02,Crown Powder Detergent (180gm),20,0,0.0
2025-11-02,Cucumber,160,10,0.0625
2025-11-02,Dabur Herbal Tooth Paste ,6,0,0.0
2025-11-02,Dania Basmati Rice ,6,0,0.0
2025-11-02,Diana Orange Toilet Soap (80gm),17,0,0.0
2025-11-02,Eggplant,75,0,0.0
2025-11-02,Elbow Macaroni ,15,0,0.0
2025-11-02,Foreign’s egg,6,0,0.0
2025-11-02,Fossolia,446,0,0.0
2025-11-02,Fossolia (250g),98,0,0.0
2025-11-02,Garlic,1427,172,0.12053258584442887
2025-11-02,Garlic ,119,12,0.10084033613445378
2025-11-02,Ginger,35,0,0.0
2025-11-02,Ginger ,300,40,0.13333333333333333
2025-11-02,Green Chili (ስታርታ),307,0,0.0
2025-11-02,Habesha Chicken ,3,0,0.0
2025-11-02,Indomie Noodles (Large),16,0,0.0
2025-11-02,Knorr /5piece ,34,0,0.0
2025-11-02,Lemon,261,0,0.0
2025-11-02,Lentils (imported),214,0,0.0
2025-11-02,Lifebuoy 70g,5,0,0.0
2025-11-02,Loli Chips Ketchup Flavor ,6,0,0.0
2025-11-02,Lux 70g,55,0,0.0
2025-11-02,Macaroni ,29,0,0.0
2025-11-02,Moon Coffee Biscuit ,5,0,0.0
2025-11-02,Moon Strawberry Biscuit ,5,0,0.0
2025-11-02,Moya Biscuit,29,0,0.0
2025-11-02,My Kishen Mekelesha (2g),364,24,0.06593406593406594
2025-11-02,NIB Chocolate Bar,10,0,0.0
2025-11-02,Ok Macaroni 500g,26,0,0.0
2025-11-02,Orange Valencia,69,14,0.2028985507246377
2025-11-02,Original Vaseline Coco Radiant 200ml,5,0,0.0
2025-11-02,Original Vaseline Dry Skin Repair 200ml,5,0,0.0
2025-11-02,Papaya,529,108,0.20415879017013233
2025-11-02,Pilled Red onion ,28,0,0.0
2025-11-02,Potato,9941,3866,0.38889447741675887
2025-11-02,Potato for Chips,857,600,0.7001166861143524
2025-11-02,Pure Iodized Salt ,22,0,0.0
2025-11-02,Qulet package ,3,0,0.0
2025-11-02,Red Onion Elfora ,252,0,0.0
2025-11-02,Red onion ( ሃበሻ ),8188,1828,0.22325354176844162
2025-11-02,Rice ,30,0,0.0
2025-11-02,Rosa Pasta ,123,0,0.0
2025-11-02,Rose Laundry Soap (250g),90,0,0.0
2025-11-02,Simba Tea Bag,10,0,0.0
2025-11-02,Simba Tomato Paste ,165,0,0.0
2025-11-02,Small Red Onion,963,265,0.2751817237798546
2025-11-02,Special Defo package ,5,0,0.0
2025-11-02,Sunsilk Shampoo 350ml,5,0,0.0
2025-11-02,Sweet Potato,1077,171,0.15877437325905291
2025-11-02,Taza Quick oats ,5,0,0.0
2025-11-02,Tomato,2858,644,0.22533240027991602
2025-11-02,Tooth Brush ,5,0,0.0
2025-11-02,Vaseline Pj Original 45ml,50,0,0.0
2025-11-02,Vatika Coconut Hair Oil,30,0,0.0
2025-11-02,Vatika Hairl Oil (Garlic),10,0,0.0
2025-11-02,Vatika Lemon Shampoo,10,0,0.0
2025-11-02,Victory Natural Water/Pack,6,0,0.0
2025-11-02,White cabbage,2186,868,0.3970722781335773
2025-11-02,Zucchini,421,20,0.047505938242280284
